Artist,Track
A Taste Of Honey,Boogie Oogie Oogie
A Taste Of Honey,Disco Dancin' - 2004 - Remastered
A Taste Of Honey,Distantt
A Taste Of Honey,Do It Good
A Taste Of Honey,If We Loved
A Taste Of Honey,Rescue Me - Remastered
A Taste Of Honey,Sky High
A Taste Of Honey,This Love Of Ours
A Taste Of Honey,World Spin
ABBA,Chiquitita
ABBA,Dancing Queen
ABBA,Fernando
ABBA,Gimme! Gimme! Gimme! (A Man After Midnight)
ABBA,"Knowing Me, Knowing You"
ABBA,SOS
ABBA,Summer Night City
ABBA,Take A Chance On Me
ABBA,The Name Of The Game
ABBA,Voulez-Vous
Andrea True Connection,Call Me
Andrea True Connection,Fill Me Up (Heart to Heart)
Andrea True Connection,It's All Up to You
Andrea True Connection,Keep It Up Longer
Andrea True Connection,Life Is What You Make It
Andrea True Connection,"More, More, More"
Andrea True Connection,N.Y. You Got Me Dancing
Andrea True Connection,Party Line
Andrea True Connection,Sally Can't Dance
Andrea True Connection,"What's Your Name, What's Your Number"
Aretha Franklin,"Baby, I Love You"
Aretha Franklin,Freeway Of Love
Aretha Franklin,Get It Right
Aretha Franklin,I Knew You Were Waiting (For Me)
Aretha Franklin,Jump to It - Single Version
Aretha Franklin,Respect
Aretha Franklin,Until You Come Back to Me (That's What I'm Gonna Do)
Ashford & Simpson,"Don't Cost You Nothing - 12"" Disco Mix"
Ashford & Simpson,Found a Cure
Ashford & Simpson,It Seems to Hang On
Ashford & Simpson,"Love Don't Make It Right - 12"" Disco Mix"
Ashford & Simpson,Send It
Ashford & Simpson,Solid
Ashford & Simpson,Stay Free
Ashford & Simpson,Street Corner
B.T. Express,Can't Stop Groovin' Now (Wanna Do It Some More)
B.T. Express,Do It ('Til You're Satisfied)
B.T. Express,Energy Level
B.T. Express,Express
B.T. Express,Give up the Funk (Let's Dance)
B.T. Express,You Got It – I Want It
Barrabas,Hi Jack
Barrabas,Mellow Blow
Barrabas,On The Road Again
Barrabas,Wild Safari
Barrabas,Woman
Barry White,"Can't Get Enough Of Your Love, Babe"
Barry White,I'm Gonna Love You Just A Little More Baby
Barry White,Let The Music Play - Single Version
Barry White,"Never, Never Gonna Give Ya Up"
Barry White,"Playing Your Game, Baby"
Barry White,What Am I Gonna Do With You
Barry White,"You're The First, The Last, My Everything - Single Version"
Bee Gees,Boogie Child
Bee Gees,How Deep Is Your Love
Bee Gees,Jive Talkin'
Bee Gees,Love You Inside Out
Bee Gees,More Than A Woman
Bee Gees,"Night Fever - From ""Saturday Night Fever"" Soundtrack"
Bee Gees,Nights On Broadway
Bee Gees,Stayin Alive
Bee Gees,Tragedy
Bee Gees,You Should Be Dancing
Blue Magic,Answer to My Prayer
Blue Magic,Just Don't Want to Be Lonely
Blue Magic,Look Me Up
Blue Magic,Sideshow
Blue Magic,Since You've Been Gone
Blue Magic,Spell
Blue Magic,Stop to Start
Blue Magic,Tear It Down
Blue Magic,Welcome to the Club
Blue Magic,What's Come over Me
Bohannon,Bohannon's Beat (Part 1) - Single Version - Bonus Track
Bohannon,Disco Stomp
Bohannon,Foot-Stompin Music
Bohannon,Let's Start The Dance
Bohannon,Party People
Bohannon,Save Their Souls
Boney M.,Brown Girl in the Ring
Boney M.,Daddy Cool
Boney M.,Ma Baker
Boney M.,Mary's Boy Child / Oh My Lord
Boney M.,Rasputin
Boney M.,Rivers of Babylon
Boney M.,Sunny
Candi Staton,Hallelujah Anyway - Larse VIP
Candi Staton,He Called Me Baby
Candi Staton,Young Hearts Run Free
Candi Staton,Young Hearts Run Free - Re-Recorded
Carol Douglas,A Hurricane Is Coming Tonight
Carol Douglas,Baby Don't Let This Good Love Die
Carol Douglas,Burnin'
Carol Douglas,Doctor's Orders
Carol Douglas,Fell in Love for the First Time Today - Remix
Carol Douglas,Headline News
Carol Douglas,I Got the Answer (John Morales Disco Remix)
Carol Douglas,Midnight Love Affair
Carol Douglas,My Simple Heart
Carol Douglas,Will We Make It Tonight
Cerrone,Cerrone's Paradise
Cerrone,Give Me Love - 1977
Cerrone,Je Suis Music - Armand Van Helden Remix Edit
Cerrone,Look for Love
Cerrone,Love In C Minor - Franc Moody Remix
Cerrone,Midnight Madness
Cerrone,Rock Me
Cerrone,Supernature
Chaka Khan,I'm Every Woman
Cheryl Lynn,All My Lovin'
Cheryl Lynn,Daybreak (Storybook Children)
Cheryl Lynn,Give My Love to You
Cheryl Lynn,Got to Be Real
Cheryl Lynn,If This World Were Mine (with Luther Vandross)
Cheryl Lynn,Keep It Hot
Cheryl Lynn,Shake It Up Tonight
Cheryl Lynn,Star Love
Cheryl Lynn,You Saved My Day
CHIC,Chic Cheer - 2018 Remaster
CHIC,"Dance, Dance, Dance (Yowsah, Yowsah, Yowsah)"
CHIC,Everybody Dance
CHIC,Good Times
CHIC,I Want Your Love
CHIC,I'll Be There (feat. Nile Rodgers) - Single Version
CHIC,Le Freak
CHIC,My Forbidden Lover
CHIC,Rebels Are We
Claudja Barry,(Boogie Woogie) Dancin' Shoes
Claudja Barry,Down and Counting 2008 - Club Mix
Claudja Barry,"Johnny, Johnny (Please Come Home) - A Tom Moulton Mix"
Claudja Barry,Love for the Sake of Love - A Tom Moulton Mix
Claudja Barry,Work Me Over
Claudja Barry,You Make Me Feel the Fire
Commodores,Brick House
Commodores,Easy
Commodores,Lady (You Bring Me Up)
Commodores,Machine Gun
Commodores,Nightshift
Commodores,Oh No
Commodores,Sail On
Commodores,Say Yeah
Commodores,Three Times A Lady
Commodores,Too Hot Ta Trot
Crown Heights Affair,Dancin'
Crown Heights Affair,Dreaming a Dream (Disco)
Crown Heights Affair,Every Beat of My Heart (New Disco Version)
Crown Heights Affair,Far Out
Crown Heights Affair,Galaxy of Love
Crown Heights Affair,I Don't Want to Change You
Crown Heights Affair,Say a Prayer for Two (12 Inch Mix)
Crown Heights Affair,Sure Shot
Crown Heights Affair,Wine and Dine You
Crown Heights Affair,You Gave Me Love
Curtis Mayfield,Between You Baby and Me
Curtis Mayfield,Do Do Wap Is Strong in Here
Curtis Mayfield,Freddie's Dead - Theme From 'Superfly'; Single Mix
Curtis Mayfield,Future Shock
Curtis Mayfield,Kung Fu
Curtis Mayfield,Move On Up
Curtis Mayfield,Pusherman
Curtis Mayfield,So in Love
Curtis Mayfield,Superfly
D-Train,Just Another Night - Without Your Love
D-Train,Keep Giving Me Love
D-Train,Keep On
D-Train,Something's On Your Mind
D-Train,The Shadow of Your Smile
D-Train,Walk On By
D-Train,You're the One for Me
D-Train,You're the Reason
Dan Hartman,I Can Dream About You
Dan Hartman,Instant Replay
Dan Hartman,Relight My Fire - Single Version
Detroit Emeralds,Baby Let Me Take You (In My Arms)
Detroit Emeralds,Do Me Right
Detroit Emeralds,Feel The Need In Me
Detroit Emeralds,Holding On
Detroit Emeralds,I Think Of You
Detroit Emeralds,If I Lose Your Love
Detroit Emeralds,You're Getting A Little Too Smart
Diana Ross,Chain Reaction
Diana Ross,I Thought It Took A Little Time (But Today I Fell In Love)
Diana Ross,I'm Coming Out
Diana Ross,It's My House
Diana Ross,Love Hangover
Diana Ross,The Boss
Diana Ross,Upside Down
Diana Ross,Where Did We Go Wrong
Diana Ross,Work That Body
Donna Summer,Bad Girls
Donna Summer,Dim All The Lights
Donna Summer,Heaven Knows
Donna Summer,Hot Stuff
Donna Summer,I Feel Love
Donna Summer,Last Dance
Donna Summer,Love To Love You Baby
Donna Summer,MacArthur Park - Single Version
Donna Summer,On The Radio
Donna Summer,Sunset People
"Earth, Wind & Fire",After the Love Has Gone
"Earth, Wind & Fire","Boogie Wonderland (with The Emotions) - 12"" Version"
"Earth, Wind & Fire",Fantasy
"Earth, Wind & Fire",Getaway
"Earth, Wind & Fire",In the Stone
"Earth, Wind & Fire",Let's Groove
"Earth, Wind & Fire",September
"Earth, Wind & Fire",Serpentine Fire
"Earth, Wind & Fire",Shining Star
"Earth, Wind & Fire",Sing a Song
"Ecstasy, Passion & Pain",Ask Me
"Ecstasy, Passion & Pain","Touch and Go - 12"" Version"
Eddie Kendricks,Boogie Down
Eddie Kendricks,Date With The Rain
Eddie Kendricks,Get The Cream Off The Top
Eddie Kendricks,Girl You Need A Change Of Mind
Eddie Kendricks,He's A Friend
Eddie Kendricks,Intimate Friends
Eddie Kendricks,Keep On Truckin'
Eddie Kendricks,Old Home Town
Eddie Kendricks,One Tear
Eddie Kendricks,Tell Her Love Has Felt The Need
Edwin Starr,Contact - Extended Mix
Edwin Starr,Funky Music Sho Nuff Turns Me On
Edwin Starr,H.A.P.P.Y. Radio - Rerecorded
Edwin Starr,I Am The Man For You Baby
Edwin Starr,Running Back And Forth
Edwin Starr,Twenty Five Miles
Edwin Starr,War
"Evelyn ""Champagne"" King",Back to Love
"Evelyn ""Champagne"" King","Give It Up - 7"" Single Version"
"Evelyn ""Champagne"" King",I Think My Heart Is Telling
"Evelyn ""Champagne"" King",I'm In Love
"Evelyn ""Champagne"" King",If You Want My Lovin'
"Evelyn ""Champagne"" King",Love Come Down
"Evelyn ""Champagne"" King",Shake Down
"Evelyn ""Champagne"" King",Shame
"Evelyn ""Champagne"" King","Take a Chance - 7"""
Fatback Band,(Are You Ready) Do the Bus Stop
Fatback Band,Backstrokin'
Fatback Band,Gotta Get My Hands on Some (Money)
Fatback Band,I Found Lovin'
Fatback Band,I Like Girls
Fatback Band,King Tim III (Personality Jock)
Fatback Band,Spanish Hustle
First Choice,Armed and Extremely Dangerous
First Choice,"Doctor Love (Tom Moulton 12"" Mix)"
First Choice,Let No Man Put Asunder
First Choice,Love and Happiness
First Choice,Love Thang
First Choice,Newsy Neighbors
First Choice,Smarty Pants
First Choice,The Player
France Joli,Come to Me
France Joli,Feel Like Dancing
France Joli,Gonna Get Over You
France Joli,Party Lights
G.Q.,Boogie Oogie Oogie
G.Q.,Disco Nights (Rock Freak)
G.Q.,I Do Love You
G.Q.,It's Your Love
G.Q.,Make My Dreams a Reality
G.Q.,Spirit
G.Q.,This Happy Feeling
G.Q.,Wonderful
Gino Soccio,Dance to Dance
Gino Soccio,Dancer
Gino Soccio,Hold Tight
Gino Soccio,It's Alright
Gino Soccio,Remember
Gino Soccio,The Visitors (Original)
Gino Soccio,Try It Out
Gino Soccio,Who Dunnit?
Grace Jones,I Need A Man
Grace Jones,La vie en rose
Grace Jones,Love On Top Of Love
Grace Jones,My Jamaican Guy
Grace Jones,Private Life
Grace Jones,Pull Up To The Bumper
Grace Jones,Slave To The Rhythm - Hot Blooded Version
Grace Jones,Walking In The Rain
Grace Jones,Warm Leatherette
Harold Melvin & The Blue Notes,Bad Luck (feat. Teddy Pendergrass)
Harold Melvin & The Blue Notes,Don't Leave Me This Way (feat. Teddy Pendergrass)
Harold Melvin & The Blue Notes,If You Don't Know Me by Now (feat. Teddy Pendergrass)
Harold Melvin & The Blue Notes,Satisfaction Guaranteed (Or Take Your Love Back) (feat. Teddy Pendergrass)
Harold Melvin & The Blue Notes,Tell the World How I Feel About 'Cha Baby (feat. Teddy Pendergrass)
Harold Melvin & The Blue Notes,The Love I Lost (feat. Teddy Pendergrass)
Harold Melvin & The Blue Notes,Wake Up Everybody (feat. Teddy Pendergrass)
Harold Melvin & The Blue Notes,Where Are All My Friends (feat. Teddy Pendergrass)
Harold Melvin & The Blue Notes,You Know How to Make Me Feel so Good (feat. Sharon Paige)
Heatwave,Always and Forever
Heatwave,Boogie Nights
Heatwave,Gangsters of the Groove - Single Version
Heatwave,Lettin' It Loose
Heatwave,Look After Love
Heatwave,Mind Blowing Decisions
Heatwave,Posin' 'Til Closin'
Heatwave,The Big Guns
Heatwave,The Groove Line
Honey Cone,Girls It Ain't Easy
Honey Cone,Innocent 'Til Proven Guilty
Honey Cone,One Monkey Don't Stop No Show - Pt. 1
Honey Cone,Stick Up
Honey Cone,The Day I Found Myself - Single Version
Honey Cone,Want Ads
Hues Corporation,Love Corporation
Hues Corporation,Rock the Boat
Isaac Hayes,Disco Connection
Isaac Hayes,Don't Let Go
Isaac Hayes,Hung Up On My Baby
Isaac Hayes,I Can't Turn Around
Isaac Hayes,Medley: I Just Want To Make Love To You/Rock Me Baby
Isaac Hayes,Run Fay Run
Isaac Hayes,The Look Of Love
Isaac Hayes,Theme From Shaft - Remastered 2009
Jackie Moore,How's Your Love Life Baby - Single Version
Jackie Moore,Let's go Somewhere and Make Love
Jackie Moore,Personally
Jackie Moore,This Time Baby
Jackie Moore,This Time Baby - Single Version
James Brown,Funky Drummer - Pt. 1 & 2
James Brown,Get Up (I Feel Like Being A) Sex Machine
James Brown,Get Up Offa That Thing
James Brown,Give It Up Or Turnit A Loose - Remix
James Brown,Hot Pants (She Got To Use What She Got To Get What She Wants)
James Brown,Papa Don't Take No Mess
James Brown,Soul Power
James Brown,Super Bad - Pts.1 & 2
James Brown,Talking Loud And Saying Nothing - Part 1 & 2
James Brown,The Payback
John Davis & The Monster Orchestra,AIN't THAT ENOUGH FOR YOU
John Davis & The Monster Orchestra,"BOURGIE, BOURGIE"
John Davis & The Monster Orchestra,DISCO FEVER
John Davis & The Monster Orchestra,"Love Magic - 12"" Club Mix"
John Davis & The Monster Orchestra,Night & Day - Original Mix
John Davis & The Monster Orchestra,The Magic Is You (Medley) - Original Mix
John Davis & The Monster Orchestra,UP JUMPED THE DEVIL
KC & The Sunshine Band,"(Shake, Shake, Shake) Shake Your Booty"
LaBelle,(Can I Speak to You Before You Go To) Hollywood
LaBelle,Lady Marmalade
LaBelle,Mr. Music Man
LaBelle,What Can I Do For You?
Lime,Angel Eyes
Lime,"Babe, We're Gonna Love Tonight - Jacques Greene Remix"
Lime,Guilty
Lime,The Party's Over
Lime,Your Love - Radio Edit
Linda Clifford,If My Friends Could See Me Now - Remastered
Linda Clifford,Never Gonna Stop - Remastered
Linda Clifford,Red Light
Linda Clifford,Runaway Love
Linda Clifford,Shoot Your Best Shot
Lipps Inc.,All Night Dancing
Lipps Inc.,Designer Music
Lipps Inc.,Funkytown
Lipps Inc.,How Long
Loleatta Holloway,Can't Let You Go - Louie Vega & Josh Milan Truth Dub 1
Loleatta Holloway,Casanova
Loleatta Holloway,Crash Goes Love (Blaster Mix)
Loleatta Holloway,Cry to Me
Loleatta Holloway,Dreamin'
Loleatta Holloway,Hit and Run
Loleatta Holloway,Love Sensation
Loleatta Holloway,"Part Time Lover, Full Time Fool"
Love Unlimited,I Belong To You
Love Unlimited,Walkin' In The Rain With The One I Love
Madleen Kane,Fever / Make Me Like It
Madleen Kane,Forbidden Love / Fire in Your Heart
Madleen Kane,Rough Diamond
Madleen Kane,Secret Love Affair
Madleen Kane,Touch My Heart
Madleen Kane,You and I
Melba Moore,Do You Really Want My Love
Melba Moore,King Of My Heart
Melba Moore,Love Of A Lifetime
Melba Moore,Love's Comin at Ya
Melba Moore,Mind Up Tonight
Melba Moore,"Pick Me Up, I'll Dance - 12"" Mix"
Melba Moore,Standing Right Here
Melba Moore,This Is It
Melba Moore,Where Did You Ever Go
Melba Moore,You Stepped Into My Life
MFSB,Back Stabbers
MFSB,Family Affair (feat. Leon Huff)
MFSB,Let's Go Disco - Single Version
MFSB,Love Is the Message
MFSB,My Mood
MFSB,My One and Only Love
MFSB,Old San Juan
MFSB,Poinciana
MFSB,Sexy
MFSB,T.S.O.P. (The Sound of Philadelphia) (feat. The Three Degrees)
Michael Jackson,Ain't No Sunshine
Michael Jackson,Burn This Disco Out
Michael Jackson,Don't Stop 'Til You Get Enough
Michael Jackson,Get on the Floor
Michael Jackson,I Can't Help It
Michael Jackson,Off the Wall
Michael Jackson,Rock with You - Single Version
Michael Jackson,Shake Your Body (Down to the Ground) - Single Edit
Michael Jackson,She's Out of My Life - Single Version
Neal McCoy,Wink
Odyssey,Each Day I Fall in Love with You Again
Odyssey,Inside Out
Odyssey,Native New Yorker
Odyssey,Use It Up and Wear It Out
Ohio Players,Ecstasy
Ohio Players,Fire
Ohio Players,Funky Worm
Ohio Players,I Want To Be Free
Ohio Players,Jive Turkey
Ohio Players,Love Rollercoaster
Ohio Players,Runnin From The Devil
Ohio Players,Skin Tight
Ohio Players,Sweet Sticky Thing
Patrick Hernandez,Back to Boogie
Patrick Hernandez,Born to Be Alive - The Original
Patrick Hernandez,Disco Queen
Patrick Hernandez,Down on easy street
Patrick Hernandez,I Give You a Rendez-Vous
Patrick Hernandez,Losing sleep over you
Patrick Hernandez,Slow Down
Peter Brown,"Baby Gets High - 12"""
Peter Brown,Can't Be Love (Do It to Me Anyway)
Peter Brown,Dance with Me
Peter Brown,Do Ya Wanna Get Funky with Me
Peter Brown,Love Is Just the Game
Peter Brown,They Only Come Out at Night
Peter Brown,You Should Do It
Rick James,Bustin' Out (On Funk)
Rick James,Cold Blooded
Rick James,Ghetto Life
Rick James,Give It To Me Baby
Rick James,Love Gun
Rick James,Mary Jane
Rick James,Super Freak
Rick James,This Magic Moment / Dance with Me - Remix
Rick James,You And I
Rose Royce,Car Wash - Single Version
Rose Royce,Do Your Dance
Rose Royce,I Wanna Get Next To You
Rose Royce,I'm Going Down
Rose Royce,Is It Love You’re After
Rose Royce,Love Don't Live Here Anymore
Rose Royce,Ooh Boy
Rose Royce,Pop Your Fingers
Rose Royce,Wishing on a Star
Rose Royce,You're My World Girl
Rufus,Ain't Nobody
Rufus,Everlasting Love
Rufus,Hollywood
Rufus,Once You Get Started
Rufus,Sweet Thing
Rufus & Chaka Khan,Do You Love What You Feel
Rufus & Chaka Khan,Stay
Rufus & Chaka Khan,Tell Me Something Good
Shalamar,A Night to Remember
Shalamar,Dancing in the Sheets
Shalamar,Dead Giveaway
Shalamar,I Can Make You Feel Good
Shalamar,I Don't Wanna Be the Last to Know
Shalamar,I Owe You One
Shalamar,Make That Move
Shalamar,Right in the Socket
Shalamar,The Second Time Around
Shalamar,There It Is - Extended Mix
Sharon Redd,Beat the Street
Sharon Redd,Can You Handle It
Sharon Redd,In the Name of Love
Sharon Redd,Love How You Feel
Sharon Redd,Love Insurance - Album Mix
Sharon Redd,Love Is Gonna Get Ya
Sharon Redd,Never Give You Up
Sharon Redd,You Got My Love
Silver Convention,Always Another Girl
Silver Convention,Fly Robin Fly
Silver Convention,Fly Robin Fly - Alternate Mix
Silver Convention,Get Up and Boogie - That's Right
Silver Convention,I Like It
Silver Convention,No No Joe
Silver Convention,San Francisco Hustle
Silver Convention,Telegram
Sister Sledge,All American Girls
Sister Sledge,Frankie
Sister Sledge,Got to Love Somebody
Sister Sledge,He's the Greatest Dancer - 1995 Remaster
Sister Sledge,Lost in Music - 1995 Remaster
Sister Sledge,Love Don't You Go Through No Changes on Me
Sister Sledge,Reach Your Peak
Sister Sledge,Thinking of You - 1995 Remaster
Sister Sledge,We Are Family - 1995 Remaster
Stephanie Mills,I Feel Good All Over
Stephanie Mills,Never Knew Love Like This Before
Stephanie Mills,Put Your Body In It
Stephanie Mills,Sweet Sensation - Fantasy Love Affair Rework
Stephanie Mills,What Cha Gonna Do With My Lovin'
Stephanie Mills,You And I
Stephanie Mills,You Can Get Over
Stephanie Mills,"You Can't Run From My Love - 12"" Remix"
Stevie Wonder,All I Do
Stevie Wonder,Another Star
Stevie Wonder,Do I Do
Stevie Wonder,Happy Birthday
Stevie Wonder,I Wish
Stevie Wonder,Isn't She Lovely
Stevie Wonder,Master Blaster (Jammin')
Stevie Wonder,Pastime Paradise
Stevie Wonder,Sir Duke
Stevie Wonder,Superstition
Sylvester,Can't Stop Dancing
Sylvester,Dance (Disco Heat)
Sylvester,I (Who Have Nothing)
Sylvester,I Need Somebody To Love Tonight
Sylvester,Never Too Late
Sylvester,Over And Over
Sylvester,Someone Like You
Sylvester,You Make Me Feel (Mighty Real)
T-Connection,At Midnight
T-Connection,Disco Magic
T-Connection,Do What You Wanna Do
T-Connection,Everything Is Cool
T-Connection,Groove to Get Down
T-Connection,Midnight Train
T-Connection,Saturday Night
T-Connection,The Best Of My Love - 2004 Digital Remaster
Tavares,Don't Take Away The Music
Tavares,Heaven Must Be Missing An Angel - Pt. 1
Tavares,It Only Takes A Minute
Tavares,More Than A Woman
Tavares,Remember What I Told You To Forget
Tavares,She's Gone
Tavares,The Love I Never Had
Tavares,Too Late
Teddy Pendergrass,Come Go with Me
Teddy Pendergrass,"Get Up, Get Down, Get Funky, Get Loose"
Teddy Pendergrass,I Don't Love You Anymore
Teddy Pendergrass,Love T.K.O.
Teddy Pendergrass,Only You
Teddy Pendergrass,Somebody Told Me
Teddy Pendergrass,"The More I Get, the More I Want"
Teddy Pendergrass,The Whole Town's Laughing at Me
Teddy Pendergrass,When Somebody Loves You Back
Teddy Pendergrass,"You're My Latest, My Greatest Inspiration"
Teena Marie,Behind The Groove
Teena Marie,Cassanova Brown
Teena Marie,I'm A Sucker For Your Love
Teena Marie,It Must Be Magic
Teena Marie,Lovergirl
Teena Marie,Square Biz
The Emotions,Best of My Love
The Emotions,Don't Ask My Neighbors
The Emotions,I Don't Wanna Lose Your Love
The Gap Band,All Of My Love
The Gap Band,Burn Rubber On Me (Why You Wanna Hurt Me)
The Gap Band,Humpin'
The Gap Band,"I Don't Believe You Want To Get Up And Dance (Oops, Up Side Your Head)"
The Gap Band,No Hiding Place
The Gap Band,Party Lights
The Gap Band,Shake
The Gap Band,Steppin' Out
The Gap Band,Yearning For Your Love
The Gap Band,You Dropped A Bomb On Me
The Isley Brothers,Between the Sheets
The Isley Brothers,"Coolin' Me Out, Pts. 1 & 2"
The Isley Brothers,"Fight the Power, Pts. 1 & 2"
The Isley Brothers,"For the Love of You, Pts. 1 & 2"
The Isley Brothers,"Groove with You, Pts. 1 & 2"
The Isley Brothers,Harvest for the World
The Isley Brothers,It's Your Thing
The Isley Brothers,"Take Me to the Next Phase, Pts. 1 & 2"
The Isley Brothers,"That Lady, Pts. 1 & 2"
The Jacksons,Blame It on the Boogie
The Jacksons,Can You Feel It
The Jacksons,Dancing Machine / Blame It on the Boogie - Immortal Version
The Jacksons,Enjoy Yourself
The Jacksons,Lovely One
The Jacksons,Push Me Away
The Jacksons,"Shake Your Body (Down to the Ground) - 7"" Version"
The Jacksons,State of Shock
The Jacksons,This Place Hotel (a.k.a. Heartbreak Hotel)
The Love Unlimited Orchestra,Love's Theme
The O'Jays,Back Stabbers
The O'Jays,For the Love of Money
The O'Jays,I Love Music
The O'Jays,Let Me Make Love To You
The O'Jays,Livin' for the Weekend
The O'Jays,Love Train
The O'Jays,Message In Our Music
The O'Jays,Put Your Hands Together
The O'Jays,Time to Get Down
The O'Jays,Unity
The Pointer Sisters,Automatic
The Pointer Sisters,Dare Me
The Pointer Sisters,Fire
The Pointer Sisters,He's so Shy
The Pointer Sisters,I'm So Excited
The Pointer Sisters,Jump (For My Love)
The Pointer Sisters,Neutron Dance
The Pointer Sisters,Should I Do It
The Pointer Sisters,Slow Hand
The Pointer Sisters,Yes We Can Can
The Real Thing,Boogie Down (Get Funky Now)
The Real Thing,Can't Get By Without You
The Real Thing,Let&apos;s Go Disco
The Real Thing,Love Is Such a Wonderful Thing
The Real Thing,Raining Through My Sunshine
The Real Thing,She's A Groovy Freak
The Real Thing,Whenever You Want My Love
The Real Thing,You To Me Are Everything
The Ritchie Family,All Right On the Night
The Ritchie Family,American Generation
The Ritchie Family,Istanbul
The Ritchie Family,One and Only
The Ritchie Family,This Love On Me
The S.O.S Band,I'm Still Missing Your Love
The S.O.S Band,Just Be Good To Me
The S.O.S Band,Take Your Time (Do It Right)
The Salsoul Orchestra,"Chicago Bus Stop (Ooh, I Love It) ( DJ Spinna ReFreak)"
The Salsoul Orchestra,Get Happy
The Salsoul Orchestra,Magic Bird of Fire
The Salsoul Orchestra,Ooh I Love It (Love Break)
The Salsoul Orchestra,Run Away
The Salsoul Orchestra,Salsoul Hustle
The Salsoul Orchestra,Tangerine
The Spinners,Games People Play
The Spinners,How Could I Let You Get Away
The Spinners,I'll Be Around
The Spinners,Love Don't Love Nobody
The Spinners,One of a Kind (Love Affair)
The Spinners,The Rubberband Man
The Spinners,"Working My Way Back to You / Forgive Me, Girl"
The Stylistics,Betcha by Golly Wow (Live)
The Stylistics,Break Up To Make Up
The Stylistics,I'm Stone In Love With You
The Stylistics,Let's Put It All Together
The Stylistics,Love Is The Answer
The Stylistics,Star On A TV Show
The Stylistics,You Make Me Feel Brand New
The Stylistics,You’ll Never Get To Heaven If You Break My Heart
The Three Degrees,Dirty Ol' Man
The Three Degrees,"Giving Up, Giving In"
The Three Degrees,Long Lost Lover
The Three Degrees,Maybe
The Three Degrees,Take Good Care of Yourself
The Three Degrees,The Runner
The Three Degrees,When Will I See You Again
The Three Degrees,Woman in Love
The Three Degrees,Year Of Decision
The Trammps,Disco Inferno
The Trammps,Hooked for Life
The Trammps,Love Epidemic
The Trammps,Shout
The Trammps,Sixty Minute Man
The Trammps,That's Where the Happy People Go
The Trammps,The Night the Lights Went Out
The Trammps,Where Do We Go from Here?
The Whispers,A Song For Donny
The Whispers,And the Beat Goes On - Radio Version
The Whispers,It's a Love Thing
The Whispers,Keep On Lovin' Me
The Whispers,Lady
The Whispers,Rock Steady
The Whispers,Rock Steady - Radio Edit
The Whispers,Seems Like I Gotta Do Wrong
Thelma Houston,Don't Leave Me This Way
Thelma Houston,I'm Here Again
Thelma Houston,I've Got The Music in Me
Thelma Houston,If You Feel It
Thelma Houston,Reachin' All Around My Love
Thelma Houston,"Saturday Night, Sunday Morning"
Thelma Houston,Suspicious Minds
Thelma Houston,You Used To Hold Me So Tight
Tina Charles,Dance Little Lady Dance
Tina Charles,Disco Fever
Tina Charles,Dr Love
Tina Charles,Fallin' In Love In Summertime
Tina Charles,Fallin' in Love with a Boy Like You
Tina Charles,Gonna Get Along Without You
Tina Charles,I Love to Love (But My Baby Loves to Dance)
Tina Charles,Love Bug / Sweets For My Sweet
Tina Charles,Love Me Like A lover
Tina Charles,You Set My Heart On Fire - Part 1
Tom Tom Club,Don't Say No
Tom Tom Club,Genius of Love
Tom Tom Club,Genius of Love - Long Version
Tom Tom Club,Under the Boardwalk
Tom Tom Club,Wordy Rappinghood
Van McCoy,"Hey Girl, Come & Get It"
Van McCoy,Love Is The Answer
Van McCoy,Soul Cha Cha
Van McCoy,The Hustle - Original Mix
Van Morrison,Jackie Wilson Said (I'm in Heaven When You Smile)
Vicki Sue Robinson,Common Thief
Vicki Sue Robinson,Daylight
Vicki Sue Robinson,Hold Tight
Vicki Sue Robinson,Hope Your Feelings Are Like Mine
Vicki Sue Robinson,Nighttime Fantasy
Vicki Sue Robinson,Turn the Beat Around
Vicki Sue Robinson,When You're Lovin' Me
Village People,Go West
Village People,Hot Cop
Village People,In The Navy
Village People,Macho Man
Village People,San Francisco (You've Got Me)
Village People,Sodom And Gomorrah
Village People,Y.M.C.A.
Voyage,Follow the Brightest Star
Voyage,From East to West
Voyage,I Love You Dancer
Voyage,I Surrender
Voyage,Lady America
Voyage,Let's Fly Away
Voyage,Scotch Machine
Voyage,Souvenirs
Voyage,"Tahiti, Tahiti…"
