id_transacao,vendas_diarias,itens_vendidos,tempo_atendimento,avaliacao_cliente,custo_operacional,data
1,4715.16,3,0.1,4.1,2173.42,2025-01-01
2,2622.45,6,22.9,4.3,1544.11,2025-01-02
3,3740.94,4,26.8,4.6,1382.52,2025-01-03
4,3447.83,5,32.4,4.4,1980.34,2025-01-04
5,4501.44,5,0.1,3.1,2548.23,2025-01-05
6,2993.62,7,1.9,4.1,982.78,2025-01-06
7,2605.6,5,10.6,4.1,1386.53,2025-01-07
8,2568.19,3,0.3,4.9,1055.35,2025-01-08
9,4706.43,4,0.7,3.1,1845.26,2025-01-09
10,2643.05,7,2.5,1.9,1092.13,2025-01-10
11,3274.18,5,7.2,4.7,1386.71,2025-01-11
12,1895.92,7,7.9,4.9,1016.49,2025-01-12
13,3149.29,8,0.3,4.8,1767.81,2025-01-13
14,4412.36,7,1.9,4.3,2272.24,2025-01-14
15,2314.27,5,6.9,4.9,1442.75,2025-01-15
16,2541.07,8,9.0,1.4,1228.42,2025-01-16
17,4251.71,4,1.6,3.9,1209.7,2025-01-17
18,3661.75,6,5.1,4.0,1714.36,2025-01-18
19,4648.6,8,23.5,4.3,2585.92,2025-01-19
20,4127.48,6,68.1,4.0,926.74,2025-01-20
21,3882.64,3,43.6,4.0,2146.93,2025-01-21
22,1759.47,8,21.3,3.5,709.22,2025-01-22
23,3719.68,4,5.0,3.3,2361.11,2025-01-23
24,3037.92,7,11.6,4.9,1431.89,2025-01-24
25,2520.5,2,5.4,4.6,727.41,2025-01-25
26,3488.47,10,10.5,3.4,1961.76,2025-01-26
27,1503.37,6,3.7,4.9,910.51,2025-01-27
28,2299.51,4,9.3,4.9,966.29,2025-01-28
29,2248.1,5,7.4,4.8,1332.06,2025-01-29
30,3278.07,6,0.2,3.1,2026.55,2025-01-30
31,2800.77,4,15.6,4.5,1089.83,2025-01-31
32,3461.66,5,0.1,4.5,845.24,2025-02-01
33,2003.41,6,3.5,4.2,889.44,2025-02-02
34,3431.13,3,0.1,3.5,1452.92,2025-02-03
35,2550.03,7,4.7,4.5,1192.38,2025-02-04
36,3842.52,7,0.7,1.8,1165.27,2025-02-05
37,2445.67,8,24.5,1.9,1244.19,2025-02-06
38,2815.25,4,5.4,4.7,1105.82,2025-02-07
39,3569.29,7,6.2,4.9,1455.07,2025-02-08
40,3343.69,3,4.3,2.5,1473.36,2025-02-09
41,2846.11,4,9.9,3.3,1218.49,2025-02-10
42,3010.07,4,15.3,3.5,911.71,2025-02-11
43,3574.03,0,10.4,4.5,1551.91,2025-02-12
44,2292.91,1,13.8,2.0,1171.16,2025-02-13
45,2539.49,1,23.6,2.6,819.48,2025-02-14
46,4517.43,7,19.9,3.3,1676.5,2025-02-15
47,2195.19,5,11.2,4.4,914.47,2025-02-16
48,2747.78,5,2.4,3.6,1253.41,2025-02-17
49,2788.27,8,10.2,4.8,1252.15,2025-02-18
50,3590.77,38,7.1,2.7,1817.81,2025-02-19
51,2969.89,5,12.6,1.5,1022.92,2025-02-20
52,3486.32,3,17.9,4.3,2039.66,2025-02-21
53,3545.56,5,13.6,3.8,1118.61,2025-02-22
54,3919.42,1,18.7,1.8,2150.7,2025-02-23
55,2519.83,7,0.7,5.0,1599.37,2025-02-24
56,1334.46,2,0.3,4.7,97.12,2025-02-25
57,3079.47,4,3.0,4.4,623.83,2025-02-26
58,9480.69,6,23.1,3.7,4657.04,2025-02-27
59,3077.66,7,17.4,4.4,1464.41,2025-02-28
60,4500.94,9,11.5,2.9,2691.95,2025-03-01
61,2812.69,4,12.1,3.5,1187.04,2025-03-02
62,3047.37,1,13.0,5.0,1624.53,2025-03-03
63,3378.59,4,28.6,3.3,1835.95,2025-03-04
64,4044.38,6,17.8,3.9,2493.39,2025-03-05
65,2549.02,3,9.8,3.2,1168.59,2025-03-06
66,4122.24,4,11.0,3.0,2138.58,2025-03-07
67,2923.15,2,2.4,4.6,1053.82,2025-03-08
68,2947.14,6,10.7,4.8,1651.15,2025-03-09
69,2824.26,8,5.5,3.1,1509.43,2025-03-10
70,1676.11,7,1.7,2.3,875.96,2025-03-11
71,3010.4,2,16.4,4.5,965.31,2025-03-12
72,4162.71,6,7.1,1.5,2250.8,2025-03-13
73,3330.35,9,37.9,3.8,1613.88,2025-03-14
74,2784.89,3,3.3,1.6,1239.28,2025-03-15
75,4063.32,8,6.6,4.7,1644.87,2025-03-16
76,12818.58,7,5.9,4.5,6558.97,2025-03-17
77,2923.76,6,1.3,5.0,1586.74,2025-03-18
78,14368.9,10,5.6,3.7,5044.02,2025-03-19
79,2361.36,5,3.4,4.0,1265.51,2025-03-20
80,2616.66,5,1.7,3.6,1564.98,2025-03-21
81,2490.09,5,3.3,5.0,1258.76,2025-03-22
82,2550.17,5,2.7,4.2,1056.92,2025-03-23
83,2624.42,4,13.2,3.8,1191.14,2025-03-24
84,1851.31,10,0.3,2.4,747.36,2025-03-25
85,4268.81,3,9.6,3.2,1740.18,2025-03-26
86,3260.91,2,14.3,4.5,932.57,2025-03-27
87,3956.04,6,6.6,4.3,1500.06,2025-03-28
88,1620.07,4,26.8,4.0,889.18,2025-03-29
89,2575.6,4,12.3,4.3,692.41,2025-03-30
90,2216.99,8,13.8,2.6,910.6,2025-03-31
91,3908.45,5,2.2,3.0,1841.8,2025-04-01
92,2367.62,4,15.0,4.3,1040.0,2025-04-02
93,3383.18,7,17.8,3.4,1177.29,2025-04-03
94,2989.2,4,4.5,4.4,1053.23,2025-04-04
95,2489.81,2,2.4,2.2,1288.25,2025-04-05
96,4045.71,2,4.9,2.5,1594.0,2025-04-06
97,3097.61,3,13.5,4.8,1074.08,2025-04-07
98,2631.49,3,5.4,4.6,1721.35,2025-04-08
99,4401.82,8,13.3,4.4,1778.11,2025-04-09
100,2558.22,6,1.2,4.4,1402.13,2025-04-10
101,3668.55,0,16.4,2.7,1459.19,2025-04-11
102,3960.97,8,2.9,5.0,1054.34,2025-04-12
103,3518.97,5,2.9,3.8,2180.52,2025-04-13
104,3270.08,4,8.9,4.8,1464.32,2025-04-14
105,2737.87,5,0.7,3.0,1320.7,2025-04-15
106,4105.73,7,0.3,3.9,1631.43,2025-04-16
107,1817.18,6,3.0,2.3,553.3,2025-04-17
108,3502.68,3,7.7,4.0,1964.56,2025-04-18
109,2886.1,4,23.8,3.4,1156.35,2025-04-19
110,2797.95,2,18.7,2.2,1282.62,2025-04-20
111,1912.12,4,6.7,3.9,488.27,2025-04-21
112,2207.57,1,0.4,2.1,1103.18,2025-04-22
113,2380.97,9,7.7,4.9,855.77,2025-04-23
114,2632.51,3,12.2,4.1,1566.54,2025-04-24
115,3286.23,1,4.1,4.1,1296.5,2025-04-25
116,1631.87,5,1.2,3.2,677.74,2025-04-26
117,2617.0,4,3.3,5.0,1287.02,2025-04-27
118,3281.64,6,14.8,4.7,1111.74,2025-04-28
119,2362.48,5,4.3,3.8,1268.38,2025-04-29
120,2401.21,8,16.7,3.5,624.24,2025-04-30
121,3491.33,5,3.8,4.3,1096.08,2025-05-01
122,3760.34,7,1.8,2.8,1996.7,2025-05-02
123,3476.13,4,5.7,3.8,803.05,2025-05-03
124,3825.48,1,6.0,3.5,961.78,2025-05-04
125,2947.4,5,0.2,4.9,1802.76,2025-05-05
126,2377.36,4,1.2,3.8,1202.94,2025-05-06
127,4084.51,3,2.0,4.6,1636.97,2025-05-07
128,3231.33,2,1.2,4.8,1201.17,2025-05-08
129,3185.64,12,4.2,4.7,1897.67,2025-05-09
130,1637.93,5,33.4,1.9,761.5,2025-05-10
131,2955.56,10,7.1,4.9,1370.47,2025-05-11
132,3830.03,6,9.9,3.0,1015.41,2025-05-12
133,3069.27,1,4.4,4.7,1375.16,2025-05-13
134,2598.36,6,3.9,4.3,790.63,2025-05-14
135,3895.66,2,0.2,2.0,982.71,2025-05-15
136,2397.01,4,6.9,3.7,693.93,2025-05-16
137,2920.66,5,6.6,3.8,687.08,2025-05-17
138,3289.12,8,1.7,2.7,1331.34,2025-05-18
139,4076.34,4,14.5,4.2,1823.34,2025-05-19
140,3739.22,2,6.8,2.9,1741.4,2025-05-20
141,1841.59,1,4.1,3.2,590.1,2025-05-21
142,2328.63,8,1.6,4.4,1048.99,2025-05-22
143,4218.42,8,8.0,3.0,1259.01,2025-05-23
144,3259.33,4,14.0,2.8,1380.55,2025-05-24
145,1724.46,1,3.3,5.0,570.71,2025-05-25
146,2610.3,9,2.5,3.8,1253.4,2025-05-26
147,3167.09,4,7.4,3.8,1502.9,2025-05-27
148,1779.58,2,1.7,4.7,996.74,2025-05-28
149,1881.15,4,11.0,4.9,971.89,2025-05-29
150,4153.02,3,9.3,4.0,2816.24,2025-05-30
151,1754.7,8,0.9,4.7,532.67,2025-05-31
152,3469.49,9,0.4,2.8,2424.3,2025-06-01
153,3138.54,4,9.7,3.7,1623.73,2025-06-02
154,2752.66,4,3.5,3.9,1624.99,2025-06-03
155,3597.0,5,0.9,4.7,2041.53,2025-06-04
156,3091.38,11,14.2,1.8,756.97,2025-06-05
157,2667.77,8,3.8,3.1,1484.43,2025-06-06
158,3823.32,6,6.2,3.2,2085.75,2025-06-07
159,904.2,2,2.7,4.6,447.29,2025-06-08
160,2510.79,8,9.9,2.7,546.01,2025-06-09
161,2134.76,7,3.6,4.7,746.7,2025-06-10
162,3629.67,6,34.4,5.0,2149.85,2025-06-11
163,2575.2,5,12.1,4.8,1600.73,2025-06-12
164,2440.22,3,1.5,4.1,1207.9,2025-06-13
165,2477.9,5,5.4,3.2,1089.13,2025-06-14
166,3489.34,3,4.9,3.4,1576.95,2025-06-15
167,2718.79,3,7.6,2.7,1136.54,2025-06-16
168,2973.8,7,18.4,4.8,1852.24,2025-06-17
169,2478.72,4,8.8,4.8,1027.04,2025-06-18
170,3008.19,4,0.6,1.6,1521.67,2025-06-19
171,2373.4,6,10.7,4.5,1268.78,2025-06-20
172,3650.29,6,0.1,2.8,1857.49,2025-06-21
173,4153.25,3,15.1,4.1,2275.91,2025-06-22
174,4315.97,4,11.0,4.6,2028.6,2025-06-23
175,2482.74,6,3.7,4.4,1387.75,2025-06-24
176,1300.88,6,3.5,3.4,637.06,2025-06-25
177,3492.75,6,16.0,5.0,1947.22,2025-06-26
178,2796.02,6,15.3,4.7,1676.11,2025-06-27
179,2039.76,3,4.3,3.6,465.38,2025-06-28
180,3207.78,5,3.6,5.0,1349.9,2025-06-29
181,3208.84,2,8.2,1.8,1476.26,2025-06-30
182,2940.45,5,0.1,4.4,1137.1,2025-07-01
183,2043.03,3,0.9,4.4,1109.16,2025-07-02
184,1862.2,3,1.3,4.6,729.82,2025-07-03
185,3054.85,5,2.1,4.9,1554.26,2025-07-04
186,3057.25,11,7.2,5.0,1837.18,2025-07-05
187,3852.38,7,48.6,4.2,1763.74,2025-07-06
188,3046.57,7,10.6,4.5,1520.54,2025-07-07
189,3060.64,4,0.6,4.9,1596.72,2025-07-08
190,4230.43,1,7.5,4.9,2340.91,2025-07-09
191,3873.21,4,6.9,4.8,1729.56,2025-07-10
192,3858.91,5,1.6,3.4,2188.33,2025-07-11
193,2702.85,4,25.3,3.2,1678.37,2025-07-12
194,12247.78,4,5.8,4.3,3972.56,2025-07-13
195,2643.6,7,52.1,4.9,863.31,2025-07-14
196,3556.97,6,5.4,2.9,1659.58,2025-07-15
197,2653.95,8,9.4,3.1,828.59,2025-07-16
198,1158.46,4,1.1,4.8,483.19,2025-07-17
199,3786.15,3,6.1,3.9,1655.22,2025-07-18
200,3162.77,0,2.7,2.6,845.79,2025-07-19
201,2766.65,4,18.1,3.7,789.27,2025-07-20
202,4492.62,1,15.3,4.5,2437.81,2025-07-21
203,3054.02,4,17.4,4.5,1273.36,2025-07-22
204,3175.32,3,12.9,4.0,1397.85,2025-07-23
205,1968.03,5,17.9,4.6,1379.15,2025-07-24
206,2985.19,6,2.2,3.8,931.39,2025-07-25
207,4357.17,6,6.0,2.8,1464.17,2025-07-26
208,3076.9,4,11.8,5.0,2038.62,2025-07-27
209,4403.84,4,10.1,4.4,2390.48,2025-07-28
210,2322.57,5,12.6,4.1,824.32,2025-07-29
211,3393.96,1,2.5,4.3,2115.16,2025-07-30
212,2288.39,9,1.0,4.6,1381.87,2025-07-31
213,2281.27,7,24.9,4.5,578.84,2025-08-01
214,1897.86,5,8.2,4.6,657.68,2025-08-02
215,2759.12,4,1.7,4.6,1448.37,2025-08-03
216,3263.0,5,15.8,4.9,1505.06,2025-08-04
217,3681.95,4,24.6,4.9,1346.3,2025-08-05
218,3301.77,1,1.9,3.4,1339.51,2025-08-06
219,4017.24,3,17.0,3.7,2133.61,2025-08-07
220,2591.03,7,27.1,1.6,1102.4,2025-08-08
221,2079.21,6,27.9,2.8,1084.49,2025-08-09
222,13810.37,10,24.6,4.5,7024.48,2025-08-10
223,2934.28,4,7.9,2.5,1415.18,2025-08-11
224,2899.37,5,4.4,4.5,1030.74,2025-08-12
225,2624.66,6,0.1,4.1,1607.13,2025-08-13
226,3085.14,6,0.6,3.5,1423.65,2025-08-14
227,6082.19,8,5.6,2.2,3377.97,2025-08-15
228,3787.46,4,5.1,3.9,2065.74,2025-08-16
229,2100.29,3,2.0,4.3,811.7,2025-08-17
230,4404.27,3,5.0,3.9,2293.11,2025-08-18
231,2819.38,9,1.9,3.2,1702.56,2025-08-19
232,13238.85,7,18.9,4.7,7335.67,2025-08-20
233,3237.59,2,3.5,2.7,1677.54,2025-08-21
234,4751.84,2,9.1,2.6,1394.88,2025-08-22
235,3606.01,4,7.0,3.0,2041.09,2025-08-23
236,1709.83,6,0.5,4.4,723.89,2025-08-24
237,3507.14,48,28.5,3.2,1159.24,2025-08-25
238,3472.52,11,7.5,4.4,1728.51,2025-08-26
239,2264.46,4,3.9,4.1,1503.49,2025-08-27
240,3171.18,7,1.7,2.9,1224.33,2025-08-28
241,3423.84,7,4.1,4.2,1751.81,2025-08-29
242,2424.12,3,0.2,4.7,1229.48,2025-08-30
243,3566.2,7,4.5,4.1,2075.17,2025-08-31
244,2284.31,5,7.6,3.8,970.48,2025-09-01
245,4839.12,2,20.5,4.7,1483.8,2025-09-02
246,2663.21,9,11.6,3.5,1031.03,2025-09-03
247,2214.79,6,1.2,3.8,885.5,2025-09-04
248,3251.4,3,1.6,2.1,1256.13,2025-09-05
249,3496.54,6,5.6,4.6,1447.09,2025-09-06
250,2638.15,3,2.2,4.4,1123.74,2025-09-07
251,3293.28,2,0.3,3.0,1213.09,2025-09-08
252,4479.16,8,16.3,4.6,2314.78,2025-09-09
253,3594.61,4,0.2,4.4,1037.08,2025-09-10
254,1022.68,5,17.8,4.9,449.51,2025-09-11
255,1506.19,4,1.6,3.1,544.93,2025-09-12
256,4481.82,3,36.8,4.9,1220.97,2025-09-13
257,9311.83,4,9.3,5.0,4480.66,2025-09-14
258,2385.76,3,13.3,1.7,790.05,2025-09-15
259,3272.92,11,1.2,5.0,2160.67,2025-09-16
260,2673.54,6,19.8,4.6,1380.73,2025-09-17
261,2538.49,5,18.3,3.2,1443.41,2025-09-18
262,3038.47,5,10.6,2.5,887.44,2025-09-19
263,3545.51,5,7.0,4.4,1221.17,2025-09-20
264,2455.98,3,12.8,4.6,1544.12,2025-09-21
265,2111.54,6,0.1,5.0,912.84,2025-09-22
266,3926.49,4,9.0,4.5,1203.95,2025-09-23
267,2629.27,5,18.8,5.0,561.53,2025-09-24
268,3223.97,3,4.4,4.9,1683.79,2025-09-25
269,2338.22,7,1.1,4.3,985.24,2025-09-26
270,2912.99,3,5.5,4.9,1115.75,2025-09-27
271,2647.96,6,13.0,5.0,1215.64,2025-09-28
272,2433.86,7,1.1,4.8,832.62,2025-09-29
273,2015.31,1,2.3,4.5,820.48,2025-09-30
274,3608.33,6,1.6,2.5,1627.76,2025-10-01
275,3096.24,4,15.9,1.4,1267.47,2025-10-02
276,2548.74,2,0.6,3.6,932.26,2025-10-03
277,1784.5,2,11.6,4.9,913.65,2025-10-04
278,3411.55,5,4.6,1.7,1524.85,2025-10-05
279,2418.29,5,14.1,4.8,1250.66,2025-10-06
280,12861.47,3,33.3,2.4,5095.25,2025-10-07
281,2803.69,5,1.2,4.3,1151.15,2025-10-08
282,2339.6,11,3.8,3.6,1372.51,2025-10-09
283,2760.79,2,16.6,4.9,916.92,2025-10-10
284,2308.81,6,3.1,4.4,1447.72,2025-10-11
285,2984.79,5,2.4,2.9,1244.17,2025-10-12
286,4239.95,3,17.5,2.4,1649.72,2025-10-13
287,2630.18,4,43.5,3.7,1582.83,2025-10-14
288,2642.85,45,8.1,4.9,1469.38,2025-10-15
289,1464.98,1,3.3,4.5,767.93,2025-10-16
290,1432.26,8,5.1,4.7,229.02,2025-10-17
291,2381.59,3,1.9,2.2,773.41,2025-10-18
292,2910.14,5,14.4,4.4,1602.52,2025-10-19
293,3545.2,4,14.8,5.0,1621.03,2025-10-20
294,2585.91,11,20.8,4.7,785.61,2025-10-21
295,4136.4,3,0.3,2.3,2340.18,2025-10-22
296,5021.55,4,8.3,4.4,2072.5,2025-10-23
297,3456.71,3,2.4,2.4,1663.86,2025-10-24
298,3650.81,3,4.2,4.0,1538.29,2025-10-25
299,2137.8,8,15.4,3.6,990.7,2025-10-26
300,2096.76,1,2.1,4.6,1163.72,2025-10-27
301,2345.42,5,10.2,4.1,1178.66,2025-10-28
302,1943.63,7,10.6,3.3,1089.76,2025-10-29
303,2873.59,3,30.8,4.3,939.38,2025-10-30
304,2552.86,7,14.9,3.1,1471.08,2025-10-31
305,1732.88,5,16.3,4.2,874.23,2025-11-01
306,3206.04,7,7.6,3.8,1906.75,2025-11-02
307,2784.47,5,2.1,4.9,1473.77,2025-11-03
308,3901.25,7,5.5,4.9,1673.4,2025-11-04
309,4302.89,5,8.0,3.2,2772.6,2025-11-05
310,1671.23,4,11.3,4.6,442.12,2025-11-06
311,4083.1,5,9.4,2.2,1792.24,2025-11-07
312,11036.7,11,5.0,2.5,5478.0,2025-11-08
313,2313.31,7,3.1,4.7,890.02,2025-11-09
314,1697.97,6,1.8,2.0,916.16,2025-11-10
315,3398.4,3,11.8,4.4,1416.46,2025-11-11
316,2085.62,0,10.4,4.7,862.87,2025-11-12
317,3521.11,10,11.6,4.2,865.0,2025-11-13
318,4436.7,5,4.7,4.0,2398.29,2025-11-14
319,2501.84,5,3.0,4.5,885.38,2025-11-15
320,2620.04,3,14.3,4.8,1256.88,2025-11-16
321,3866.44,4,14.9,4.2,2152.36,2025-11-17
322,2501.49,2,6.1,4.1,1135.36,2025-11-18
323,2135.15,2,9.5,3.3,827.99,2025-11-19
324,2973.5,7,4.7,4.9,965.59,2025-11-20
325,3078.14,3,12.1,4.8,1517.51,2025-11-21
326,3156.68,1,18.1,3.8,2069.09,2025-11-22
327,2658.5,3,11.7,1.9,1586.92,2025-11-23
328,2143.93,7,7.2,3.4,1126.13,2025-11-24
329,2519.49,5,6.1,4.8,827.09,2025-11-25
330,3845.7,5,10.3,3.7,1241.59,2025-11-26
331,1593.01,4,11.4,1.7,567.07,2025-11-27
332,2800.83,5,8.2,3.1,1009.62,2025-11-28
333,3367.34,5,9.8,4.1,1317.43,2025-11-29
334,3601.55,3,1.0,4.5,1302.8,2025-11-30
335,2189.74,3,30.3,5.0,1394.93,2025-12-01
336,3685.12,6,15.6,3.1,1205.48,2025-12-02
337,2870.97,6,4.7,3.2,824.42,2025-12-03
338,3048.18,4,8.3,3.7,1834.79,2025-12-04
339,2685.33,9,0.5,4.7,1191.31,2025-12-05
340,3355.41,6,0.4,1.6,1795.47,2025-12-06
341,2526.08,5,2.9,4.7,1080.26,2025-12-07
342,4465.17,5,11.7,4.9,2164.34,2025-12-08
343,3036.46,4,19.1,4.8,847.26,2025-12-09
344,3051.42,10,8.2,4.7,824.23,2025-12-10
345,3173.17,6,7.6,3.8,1598.56,2025-12-11
346,2479.49,2,5.1,5.0,1424.83,2025-12-12
347,3484.81,4,1.8,4.2,2271.23,2025-12-13
348,2978.79,3,1.3,3.2,1716.02,2025-12-14
349,2691.93,2,14.3,4.6,837.84,2025-12-15
350,2153.83,5,26.2,4.9,1166.55,2025-12-16
351,3434.69,6,6.1,4.7,1220.02,2025-12-17
352,2774.57,5,10.8,4.6,1613.67,2025-12-18
353,2031.19,10,24.6,5.0,645.53,2025-12-19
354,3697.86,5,0.9,1.7,1623.3,2025-12-20
355,2803.41,5,14.7,3.6,1327.73,2025-12-21
356,4094.91,4,9.6,4.7,2660.29,2025-12-22
357,4571.78,4,9.1,3.9,1228.67,2025-12-23
358,2941.74,3,3.5,4.5,1397.48,2025-12-24
359,3696.9,6,11.5,2.1,1641.12,2025-12-25
360,4201.89,4,15.8,1.5,2191.22,2025-12-26
361,2389.39,2,1.2,4.8,375.28,2025-12-27
362,2742.89,9,7.6,2.3,1470.06,2025-12-28
363,3500.53,5,1.1,2.4,1371.24,2025-12-29
364,2679.02,9,20.6,5.0,1263.84,2025-12-30
365,3580.61,5,7.1,4.9,1560.39,2025-12-31
366,3763.2,5,16.5,4.1,1855.81,2026-01-01
367,3193.57,1,4.6,4.7,1264.91,2026-01-02
368,1855.38,5,1.3,3.7,1130.4,2026-01-03
369,3650.81,8,0.4,4.5,1599.04,2026-01-04
370,2742.35,6,3.3,2.7,1871.06,2026-01-05
371,1772.71,2,2.8,4.4,1088.36,2026-01-06
372,2949.86,5,8.2,3.4,1213.93,2026-01-07
373,2824.72,5,0.2,4.8,961.33,2026-01-08
374,3155.27,4,7.4,4.2,1351.17,2026-01-09
375,2611.71,6,5.0,5.0,1461.01,2026-01-10
376,3120.32,5,8.6,4.8,1472.59,2026-01-11
377,2143.29,6,12.1,3.8,1165.93,2026-01-12
378,11713.91,5,10.1,4.8,4052.77,2026-01-13
379,3142.16,4,41.8,1.2,1484.85,2026-01-14
380,3179.03,7,1.5,4.7,1041.16,2026-01-15
381,4183.96,5,5.6,3.1,2189.94,2026-01-16
382,1346.05,7,5.5,3.8,789.01,2026-01-17
383,3234.46,6,5.4,4.9,1465.17,2026-01-18
384,2928.21,4,10.9,4.7,827.4,2026-01-19
385,5463.1,8,6.7,4.9,3398.79,2026-01-20
386,2851.47,4,7.3,3.4,1423.23,2026-01-21
387,2642.79,3,5.7,4.7,940.09,2026-01-22
388,3261.54,5,47.9,3.0,1808.86,2026-01-23
389,2114.93,10,26.3,3.3,1021.17,2026-01-24
390,4203.19,6,3.7,4.2,1460.61,2026-01-25
391,2712.57,4,1.2,4.4,1394.09,2026-01-26
392,9627.41,3,18.3,2.1,5618.86,2026-01-27
393,3526.84,3,58.7,3.8,1968.03,2026-01-28
394,3106.38,5,3.5,2.6,1427.94,2026-01-29
395,13284.52,2,4.4,3.7,7801.95,2026-01-30
396,2353.36,6,28.4,3.0,1337.52,2026-01-31
397,3258.17,2,12.4,1.9,1037.71,2026-02-01
398,3951.21,5,3.5,4.0,1806.81,2026-02-02
399,3930.53,2,8.7,4.8,1630.11,2026-02-03
400,3157.49,6,28.9,4.1,1468.51,2026-02-04
401,2725.83,3,16.7,4.3,1402.8,2026-02-05
402,3004.19,5,13.5,4.9,1636.48,2026-02-06
403,3619.71,2,13.4,4.6,1677.03,2026-02-07
404,3236.9,6,2.0,4.2,1566.23,2026-02-08
405,3734.29,6,17.4,3.8,1371.55,2026-02-09
406,4440.75,7,3.2,2.5,2027.53,2026-02-10
407,1409.94,6,26.6,4.4,538.44,2026-02-11
408,2852.81,6,4.5,2.6,1565.14,2026-02-12
409,2178.79,4,19.5,3.7,1166.05,2026-02-13
410,1788.12,4,3.1,4.2,546.08,2026-02-14
411,2725.85,7,7.2,4.0,678.09,2026-02-15
412,3499.3,5,1.1,3.9,1951.5,2026-02-16
413,14225.81,5,10.8,1.7,8175.18,2026-02-17
414,3004.09,8,18.1,2.8,1448.7,2026-02-18
415,1943.81,4,12.7,3.9,551.1,2026-02-19
416,4182.32,2,7.4,2.7,1860.17,2026-02-20
417,3745.02,3,0.5,4.5,1279.81,2026-02-21
418,3265.85,4,27.1,5.0,1208.89,2026-02-22
419,4093.5,6,12.2,2.1,1203.22,2026-02-23
420,3023.8,9,13.7,4.1,1090.56,2026-02-24
421,2922.63,3,15.8,4.7,1198.15,2026-02-25
422,1975.76,5,13.8,3.9,411.69,2026-02-26
423,2053.39,3,5.8,4.7,977.0,2026-02-27
424,2967.87,2,13.2,3.7,1511.32,2026-02-28
425,3152.88,4,9.8,4.9,2052.84,2026-03-01
426,1781.45,9,19.2,1.8,748.52,2026-03-02
427,2812.68,4,16.2,4.7,1018.8,2026-03-03
428,3539.86,5,0.4,4.8,1182.3,2026-03-04
429,3177.71,8,4.8,2.6,1582.86,2026-03-05
430,3656.39,8,0.4,4.9,1297.32,2026-03-06
431,2960.43,5,1.1,3.5,1585.76,2026-03-07
432,3695.68,3,9.2,1.8,1771.33,2026-03-08
433,2752.36,9,20.7,2.9,1980.17,2026-03-09
434,2425.24,2,1.3,4.8,1367.32,2026-03-10
435,2555.62,8,6.0,2.4,1427.7,2026-03-11
436,2591.99,7,24.2,3.8,1275.76,2026-03-12
437,2273.95,6,16.8,4.3,808.33,2026-03-13
438,2866.31,9,7.3,3.1,764.63,2026-03-14
439,1924.44,3,14.8,4.9,890.78,2026-03-15
440,3748.54,6,7.4,3.2,1841.48,2026-03-16
441,2518.63,7,1.7,3.8,850.55,2026-03-17
442,2914.38,7,1.3,4.3,1085.24,2026-03-18
443,3774.92,5,2.1,4.8,2334.99,2026-03-19
444,1829.19,5,4.3,4.6,762.73,2026-03-20
445,2546.96,1,26.7,3.3,1075.5,2026-03-21
446,2972.01,7,16.1,4.4,1208.02,2026-03-22
447,2335.24,4,5.7,4.7,1287.15,2026-03-23
448,2928.7,7,6.8,1.7,1062.33,2026-03-24
449,2938.32,5,3.1,4.7,1914.2,2026-03-25
450,3802.83,5,12.2,4.7,1637.4,2026-03-26
451,3073.41,3,16.2,3.5,1286.08,2026-03-27
452,2171.81,5,2.7,4.4,676.67,2026-03-28
453,2781.82,5,0.4,4.4,992.86,2026-03-29
454,3414.13,4,9.8,3.6,1808.23,2026-03-30
455,3393.54,3,8.3,4.8,985.77,2026-03-31
456,3570.4,3,5.1,2.3,1138.35,2026-04-01
457,1963.94,5,10.3,4.8,1088.5,2026-04-02
458,2609.92,10,8.0,4.6,1426.09,2026-04-03
459,2538.48,2,2.9,4.8,708.1,2026-04-04
460,3352.01,5,5.1,2.4,1924.9,2026-04-05
461,3273.4,3,5.6,4.3,1077.03,2026-04-06
462,3061.89,4,21.2,4.6,1357.94,2026-04-07
463,3014.73,6,32.4,4.7,1885.69,2026-04-08
464,3149.16,3,22.3,4.0,1149.42,2026-04-09
465,3120.24,4,12.7,3.0,1548.68,2026-04-10
466,1931.72,4,8.8,3.6,1082.85,2026-04-11
467,2940.44,5,11.7,3.5,974.19,2026-04-12
468,3188.49,8,28.0,4.9,1709.29,2026-04-13
469,2509.77,5,2.9,2.2,500.17,2026-04-14
470,2686.31,6,7.7,3.7,1255.77,2026-04-15
471,2343.45,3,11.7,3.8,891.34,2026-04-16
472,3224.79,4,11.4,4.8,991.85,2026-04-17
473,2838.25,5,2.9,2.9,1728.53,2026-04-18
474,4697.72,6,8.8,2.5,2439.48,2026-04-19
475,3090.81,7,15.9,2.0,1416.67,2026-04-20
476,4730.6,5,6.4,4.2,2123.92,2026-04-21
477,2564.49,2,15.8,3.0,752.18,2026-04-22
478,2001.77,6,4.5,4.4,1384.81,2026-04-23
479,2612.61,4,27.9,4.7,1096.82,2026-04-24
480,4956.6,2,7.6,4.4,2006.13,2026-04-25
481,1811.55,4,9.1,3.4,1075.91,2026-04-26
482,3065.83,2,0.3,2.8,998.06,2026-04-27
483,2190.32,3,1.9,4.7,1233.13,2026-04-28
484,2217.96,4,10.0,4.6,783.69,2026-04-29
485,9189.52,7,5.4,4.0,5127.27,2026-04-30
486,1841.53,5,7.1,4.9,1405.77,2026-05-01
487,3950.71,5,0.7,2.7,2050.8,2026-05-02
488,2986.86,7,18.0,1.3,1312.21,2026-05-03
489,2639.95,9,15.3,2.3,1248.75,2026-05-04
490,3391.5,7,2.1,4.5,1574.54,2026-05-05
491,2101.82,6,10.1,2.5,773.11,2026-05-06
492,3886.96,6,17.1,4.3,2206.36,2026-05-07
493,3059.28,9,10.2,4.2,1156.25,2026-05-08
494,4263.37,2,3.7,4.3,1740.7,2026-05-09
495,4964.24,3,10.7,3.0,2626.37,2026-05-10
496,4341.15,9,2.4,4.8,2250.53,2026-05-11
497,3378.87,3,3.8,4.8,1322.07,2026-05-12
498,3028.21,8,2.7,2.5,1082.51,2026-05-13
499,3935.44,5,8.1,1.9,2094.04,2026-05-14
500,2196.69,4,1.1,1.7,831.87,2026-05-15
501,4157.58,9,27.1,4.3,2013.85,2026-05-16
502,3379.07,2,4.1,4.9,1190.51,2026-05-17
503,1341.29,5,2.5,4.1,552.92,2026-05-18
504,3846.74,10,6.9,3.9,1307.29,2026-05-19
505,3285.69,5,3.2,3.7,1495.03,2026-05-20
506,3330.22,4,7.7,4.4,1609.17,2026-05-21
507,3137.09,7,4.3,3.4,1163.44,2026-05-22
508,2555.84,3,1.4,4.7,891.45,2026-05-23
509,2470.57,6,3.1,3.6,1215.35,2026-05-24
510,2516.81,3,5.8,2.9,1544.15,2026-05-25
511,2807.01,3,0.3,2.7,1202.44,2026-05-26
512,3692.6,4,14.7,4.6,2137.48,2026-05-27
513,1867.7,1,9.7,2.5,467.06,2026-05-28
514,3016.8,2,9.2,1.9,1633.83,2026-05-29
515,2193.53,4,7.9,3.7,957.0,2026-05-30
516,2954.44,5,8.9,5.0,1973.24,2026-05-31
517,2478.53,8,27.3,4.2,694.31,2026-06-01
518,3523.49,7,0.1,4.3,1730.91,2026-06-02
519,2952.38,7,0.5,4.9,1469.41,2026-06-03
520,3839.21,2,2.1,5.0,1101.86,2026-06-04
521,2823.22,6,1.8,4.3,1506.19,2026-06-05
522,3308.25,8,2.0,4.0,1147.02,2026-06-06
523,2183.01,6,11.1,4.8,1360.59,2026-06-07
524,5176.14,4,6.2,3.5,1785.3,2026-06-08
525,4435.65,4,48.0,3.0,2132.76,2026-06-09
526,2943.87,4,2.6,2.1,1808.57,2026-06-10
527,3147.87,1,3.7,2.9,1066.77,2026-06-11
528,3505.93,6,41.5,5.0,1400.49,2026-06-12
529,2897.67,8,17.8,3.2,1407.52,2026-06-13
530,3835.33,7,6.3,4.8,2146.66,2026-06-14
531,1893.76,7,8.1,3.7,1002.27,2026-06-15
532,13903.79,6,18.5,1.9,4590.46,2026-06-16
533,3037.15,6,6.6,4.8,1451.05,2026-06-17
534,2365.7,4,2.3,4.4,1384.62,2026-06-18
535,3498.28,3,17.6,3.9,1943.73,2026-06-19
536,842.49,6,7.7,5.0,355.03,2026-06-20
537,3842.91,3,1.7,3.7,1533.79,2026-06-21
538,1438.33,10,7.0,1.5,807.31,2026-06-22
539,3077.6,5,5.3,3.9,901.01,2026-06-23
540,3927.46,6,20.9,4.5,2376.46,2026-06-24
541,2477.34,6,1.3,4.9,912.22,2026-06-25
542,1817.13,4,20.8,2.2,820.56,2026-06-26
543,2358.18,6,7.2,3.1,791.74,2026-06-27
544,1874.03,5,5.2,4.8,767.61,2026-06-28
545,3520.16,3,1.8,4.9,1562.86,2026-06-29
546,3223.22,2,12.1,4.0,1678.26,2026-06-30
547,2096.23,3,26.1,1.9,585.32,2026-07-01
548,2538.58,2,4.7,4.7,1205.27,2026-07-02
549,3990.25,8,2.8,4.4,2004.45,2026-07-03
550,2581.82,7,8.1,4.7,1378.22,2026-07-04
551,3824.8,4,15.9,4.8,2718.63,2026-07-05
552,3535.74,3,0.0,2.5,1569.38,2026-07-06
553,3411.03,3,10.0,3.1,1569.22,2026-07-07
554,3893.84,6,9.1,4.1,1587.61,2026-07-08
555,2498.43,5,3.8,4.9,1266.88,2026-07-09
556,5048.07,1,6.0,4.5,2655.13,2026-07-10
557,3461.25,8,2.8,3.7,1431.44,2026-07-11
558,2211.42,9,15.6,3.2,1294.29,2026-07-12
559,2837.56,4,10.1,1.2,1365.17,2026-07-13
560,2973.84,7,7.6,5.0,1490.26,2026-07-14
561,2180.49,3,5.0,4.9,707.49,2026-07-15
562,3241.24,7,3.4,4.9,1870.66,2026-07-16
563,2779.96,5,17.3,2.6,1052.53,2026-07-17
564,2872.05,6,6.0,4.4,1048.33,2026-07-18
565,3412.04,8,7.0,2.7,1616.48,2026-07-19
566,2565.26,2,7.4,4.4,1107.35,2026-07-20
567,4477.37,4,5.9,2.2,2558.61,2026-07-21
568,3194.95,9,3.0,4.6,1048.1,2026-07-22
569,3355.06,4,1.3,3.2,1116.4,2026-07-23
570,2752.63,4,1.0,4.8,1360.14,2026-07-24
571,1976.34,3,14.2,4.8,675.1,2026-07-25
572,2942.39,4,2.5,1.3,946.33,2026-07-26
573,3566.69,4,0.6,3.2,2000.58,2026-07-27
574,3543.68,6,16.0,4.2,1862.95,2026-07-28
575,3417.55,7,1.7,5.0,1530.48,2026-07-29
576,1577.02,3,9.8,5.0,465.04,2026-07-30
577,1873.99,45,4.1,4.7,1268.08,2026-07-31
578,3022.65,8,1.4,4.7,1089.58,2026-08-01
579,3304.16,7,5.4,3.4,1217.88,2026-08-02
580,3103.38,3,0.1,4.7,1078.77,2026-08-03
581,3516.3,4,18.4,4.5,1212.53,2026-08-04
582,2483.9,6,7.2,2.5,830.92,2026-08-05
583,2395.69,8,1.5,3.5,1004.98,2026-08-06
584,2971.34,3,2.7,4.7,1453.89,2026-08-07
585,4155.01,4,5.9,4.0,1022.06,2026-08-08
586,3996.87,3,2.1,4.5,2183.09,2026-08-09
587,3301.84,8,3.1,4.7,1884.96,2026-08-10
588,1488.37,1,7.6,3.4,830.34,2026-08-11
589,10004.9,3,17.9,3.4,6012.24,2026-08-12
590,2564.06,7,5.1,3.9,1029.42,2026-08-13
591,3667.14,5,12.6,3.4,1676.85,2026-08-14
592,2208.32,9,20.9,5.0,1446.01,2026-08-15
593,4274.55,5,2.4,4.5,2090.24,2026-08-16
594,2551.86,4,16.5,1.6,1612.09,2026-08-17
595,2691.75,5,14.2,4.9,847.59,2026-08-18
596,2884.51,7,4.4,4.7,963.99,2026-08-19
597,3246.24,3,45.6,4.1,651.04,2026-08-20
598,3767.42,6,3.0,3.7,2182.01,2026-08-21
599,3203.54,7,2.9,3.5,1972.96,2026-08-22
600,2784.1,4,14.8,3.4,960.92,2026-08-23
601,3158.47,4,5.7,2.6,976.22,2026-08-24
602,2895.89,4,4.0,3.9,1451.05,2026-08-25
603,3825.97,3,2.0,2.9,1222.56,2026-08-26
604,3307.25,4,14.5,3.7,1447.61,2026-08-27
605,3038.82,2,15.4,4.5,1111.79,2026-08-28
606,3069.64,7,8.4,5.0,1660.46,2026-08-29
607,2315.13,6,31.5,4.8,1037.25,2026-08-30
608,2469.9,7,3.8,4.9,1267.41,2026-08-31
609,3525.24,5,2.5,3.3,1801.09,2026-09-01
610,3014.75,4,11.3,4.4,1313.68,2026-09-02
611,3943.44,5,14.2,4.1,1096.85,2026-09-03
612,1368.61,4,2.5,4.8,804.59,2026-09-04
613,3871.16,7,0.8,4.0,2247.69,2026-09-05
614,3011.14,5,16.6,4.5,1186.31,2026-09-06
615,1714.84,6,37.5,3.7,915.12,2026-09-07
616,3231.82,5,10.3,4.4,1749.03,2026-09-08
617,3270.8,2,3.3,5.0,1712.42,2026-09-09
618,3157.24,4,57.1,4.5,1592.91,2026-09-10
619,1637.29,4,22.4,4.3,716.99,2026-09-11
620,3625.46,6,7.2,3.0,1777.06,2026-09-12
621,3448.63,11,17.4,3.5,1665.84,2026-09-13
622,3657.65,6,16.9,1.8,2249.69,2026-09-14
623,3780.44,8,27.3,4.9,1837.47,2026-09-15
624,2955.53,5,18.4,4.4,1214.47,2026-09-16
625,3510.87,3,10.3,4.2,961.15,2026-09-17
626,1589.57,5,9.4,5.0,656.62,2026-09-18
627,3915.0,1,6.3,3.0,2201.91,2026-09-19
628,1999.11,8,9.8,4.9,1013.36,2026-09-20
629,2436.53,6,15.9,4.4,1098.72,2026-09-21
630,3274.89,4,34.7,3.5,1569.35,2026-09-22
631,3195.04,7,6.3,4.3,1604.6,2026-09-23
632,4816.55,1,8.5,4.4,2214.77,2026-09-24
633,3146.67,7,5.9,1.5,1789.95,2026-09-25
634,3267.57,49,11.0,2.0,1595.69,2026-09-26
635,1664.48,9,9.9,2.5,440.41,2026-09-27
636,3088.74,4,0.2,3.6,1363.62,2026-09-28
637,5105.91,2,7.8,1.6,1695.96,2026-09-29
638,3159.25,4,0.9,3.9,1734.82,2026-09-30
639,2065.06,6,0.3,5.0,775.69,2026-10-01
640,2261.41,2,15.7,2.5,1154.43,2026-10-02
641,3315.56,1,3.0,4.2,1263.84,2026-10-03
642,4226.19,7,4.2,1.9,1594.32,2026-10-04
643,2386.12,7,0.7,4.0,896.21,2026-10-05
644,2347.35,6,2.0,3.3,1190.63,2026-10-06
645,2392.69,8,14.5,3.1,1064.41,2026-10-07
646,3764.11,7,6.8,3.6,1094.24,2026-10-08
647,3467.14,5,21.3,4.7,926.33,2026-10-09
648,2023.33,6,5.1,4.8,1156.99,2026-10-10
649,1998.77,6,3.1,4.8,850.32,2026-10-11
650,3365.4,7,4.3,3.8,1030.26,2026-10-12
651,2365.98,6,12.5,4.7,1283.89,2026-10-13
652,2455.16,3,8.1,4.0,514.69,2026-10-14
653,3506.23,3,23.5,3.0,1105.42,2026-10-15
654,3166.15,1,9.2,2.2,988.95,2026-10-16
655,4477.31,5,6.8,3.6,2831.67,2026-10-17
656,3198.58,3,15.4,4.5,1296.09,2026-10-18
657,3139.66,9,29.5,2.2,1592.29,2026-10-19
658,3248.73,8,4.4,3.5,1023.96,2026-10-20
659,406.99,4,2.9,4.0,247.66,2026-10-21
660,2557.08,2,9.6,5.0,808.42,2026-10-22
661,2829.24,3,6.9,4.1,1190.0,2026-10-23
662,2437.46,2,45.3,4.9,1528.32,2026-10-24
663,3410.61,4,6.2,3.7,1945.42,2026-10-25
664,4332.38,4,0.8,4.5,2649.43,2026-10-26
665,3149.41,5,37.9,2.5,1519.47,2026-10-27
666,2346.45,8,18.6,5.0,710.96,2026-10-28
667,2980.7,6,2.0,1.9,1362.15,2026-10-29
668,1240.96,3,23.5,4.0,916.56,2026-10-30
669,3323.24,5,4.2,3.8,1725.8,2026-10-31
670,3147.71,6,4.7,1.9,1232.35,2026-11-01
671,4449.96,3,23.7,4.6,2842.77,2026-11-02
672,3514.18,8,7.6,4.4,1539.49,2026-11-03
673,2828.81,8,1.5,3.2,1621.05,2026-11-04
674,3864.62,5,4.6,2.2,1862.62,2026-11-05
675,3805.03,4,12.8,4.8,1668.89,2026-11-06
676,4252.42,2,1.9,4.4,2272.93,2026-11-07
677,2739.18,6,8.9,4.9,1391.7,2026-11-08
678,4160.91,5,11.9,3.6,2229.18,2026-11-09
679,2972.25,6,4.2,4.5,1252.64,2026-11-10
680,2539.35,7,11.8,4.8,1223.46,2026-11-11
681,3181.97,3,21.6,3.1,1675.97,2026-11-12
682,4416.64,9,6.4,5.0,2417.4,2026-11-13
683,3259.27,2,4.8,4.2,1673.58,2026-11-14
684,2908.37,0,2.9,4.1,1294.63,2026-11-15
685,1878.52,6,9.3,5.0,545.75,2026-11-16
686,4504.93,4,21.2,4.5,2475.26,2026-11-17
687,3217.26,6,3.9,5.0,1366.16,2026-11-18
688,3384.81,4,5.0,3.1,1111.94,2026-11-19
689,2145.9,5,5.2,4.1,908.94,2026-11-20
690,3199.51,2,8.2,4.6,1429.2,2026-11-21
691,3497.45,5,2.6,4.7,1038.48,2026-11-22
692,3697.97,4,17.3,3.0,1923.54,2026-11-23
693,2847.73,3,3.5,3.3,1739.41,2026-11-24
694,2028.65,5,12.2,4.9,440.27,2026-11-25
695,3195.97,3,7.2,4.5,2064.42,2026-11-26
696,2907.48,3,8.8,5.0,1571.76,2026-11-27
697,3503.7,4,2.0,4.2,1629.01,2026-11-28
698,2265.08,8,13.3,4.9,682.96,2026-11-29
699,3560.25,5,2.1,3.7,1490.23,2026-11-30
700,3377.13,4,1.2,4.6,1743.65,2026-12-01
701,3711.7,4,7.9,4.9,1419.58,2026-12-02
702,2429.72,4,12.4,4.8,1108.61,2026-12-03
703,3185.8,4,0.5,4.5,948.96,2026-12-04
704,4851.73,7,0.7,2.7,1491.39,2026-12-05
705,3044.58,8,16.2,2.5,940.97,2026-12-06
706,3378.08,7,16.6,3.1,1292.26,2026-12-07
707,2152.63,3,2.8,4.9,1416.7,2026-12-08
708,3633.33,6,9.6,4.3,1683.09,2026-12-09
709,2353.21,6,5.9,1.9,1102.17,2026-12-10
710,3518.15,4,10.0,4.8,1676.15,2026-12-11
711,3377.17,6,19.9,4.6,1179.31,2026-12-12
712,4305.93,9,0.8,4.0,1915.19,2026-12-13
713,1527.3,6,15.1,4.9,484.55,2026-12-14
714,2833.5,4,6.8,4.0,1175.72,2026-12-15
715,3162.34,6,8.3,3.4,2144.66,2026-12-16
716,3133.16,7,10.6,2.7,738.97,2026-12-17
717,4240.92,4,25.6,4.7,2438.47,2026-12-18
718,1787.85,3,0.6,4.9,793.46,2026-12-19
719,4238.0,4,0.3,3.6,1421.15,2026-12-20
720,1714.01,5,2.0,3.6,603.17,2026-12-21
721,3168.81,3,43.0,3.6,1300.7,2026-12-22
722,3657.52,5,12.6,3.8,1340.61,2026-12-23
723,3650.02,3,9.5,1.9,1445.91,2026-12-24
724,5058.69,5,0.5,3.7,1482.91,2026-12-25
725,2963.53,5,21.1,4.6,1661.44,2026-12-26
726,3605.59,5,16.8,3.9,1782.11,2026-12-27
727,2575.79,6,10.9,4.0,1248.59,2026-12-28
728,2594.45,6,4.1,4.0,1606.3,2026-12-29
729,2731.37,6,0.7,4.9,1219.77,2026-12-30
730,2990.2,5,8.7,4.4,1043.33,2026-12-31
731,3552.12,7,12.7,4.4,1186.89,2027-01-01
732,3055.84,3,1.0,3.5,1369.13,2027-01-02
733,1629.49,5,10.0,2.4,513.47,2027-01-03
734,3672.51,7,3.4,4.9,1400.5,2027-01-04
735,2235.57,2,14.4,4.3,1434.44,2027-01-05
736,3403.24,8,7.8,4.2,1516.98,2027-01-06
737,2273.58,4,1.4,4.9,932.45,2027-01-07
738,2099.61,2,7.5,3.2,1096.21,2027-01-08
739,1797.49,5,5.0,3.2,1097.05,2027-01-09
740,2310.97,5,2.0,4.4,1123.67,2027-01-10
741,2663.48,4,18.4,3.2,766.74,2027-01-11
742,3405.82,6,0.1,4.9,992.6,2027-01-12
743,4196.84,8,3.7,4.7,1716.32,2027-01-13
744,4673.91,4,0.1,4.9,1429.48,2027-01-14
745,4349.71,3,1.0,4.5,2439.87,2027-01-15
746,2446.47,6,3.5,4.8,1145.18,2027-01-16
747,3664.27,4,0.6,4.1,1456.03,2027-01-17
748,2219.3,2,9.1,4.0,832.4,2027-01-18
749,2700.14,3,0.9,4.7,1131.95,2027-01-19
750,2576.19,1,12.1,4.5,1001.71,2027-01-20
751,3577.34,9,0.5,4.4,1424.93,2027-01-21
752,2586.17,5,0.6,3.9,1461.04,2027-01-22
753,3145.49,3,3.6,3.9,1363.61,2027-01-23
754,3663.52,4,22.7,3.7,2293.87,2027-01-24
755,1873.23,3,10.3,4.9,852.67,2027-01-25
756,3065.5,4,14.7,3.9,1995.73,2027-01-26
757,2262.27,6,1.5,3.7,881.42,2027-01-27
758,3506.35,4,18.0,4.2,1655.8,2027-01-28
759,3289.31,2,0.1,3.6,885.8,2027-01-29
760,3488.3,6,2.4,4.7,1122.53,2027-01-30
761,2458.46,3,9.6,3.9,1364.91,2027-01-31
762,2114.78,6,4.7,4.6,971.27,2027-02-01
763,4608.16,2,41.5,1.9,2016.05,2027-02-02
764,14617.27,8,0.3,1.9,4450.42,2027-02-03
765,3853.34,3,65.7,4.1,1592.13,2027-02-04
766,2623.17,6,9.8,4.7,1040.25,2027-02-05
767,2320.12,4,8.2,4.0,1034.92,2027-02-06
768,3020.87,5,0.6,4.9,1603.61,2027-02-07
769,2858.44,6,3.2,3.6,874.06,2027-02-08
770,2956.56,1,25.9,5.0,1242.55,2027-02-09
771,2692.36,5,4.4,2.9,1328.33,2027-02-10
772,2608.45,7,10.8,3.5,1040.41,2027-02-11
773,4970.59,6,75.9,4.6,2650.26,2027-02-12
774,4022.14,6,3.1,4.4,1647.93,2027-02-13
775,3750.63,7,8.6,5.0,1940.09,2027-02-14
776,2810.55,4,11.9,4.2,1611.12,2027-02-15
777,4263.66,3,1.8,3.8,2397.26,2027-02-16
778,2825.86,8,1.6,4.0,1330.21,2027-02-17
779,3171.27,4,6.1,2.5,1587.74,2027-02-18
780,3221.35,5,4.9,4.5,1403.83,2027-02-19
781,2598.59,5,12.5,4.6,822.65,2027-02-20
782,2587.16,3,0.7,1.4,550.14,2027-02-21
783,3400.73,9,35.8,4.4,2016.92,2027-02-22
784,2769.07,8,0.1,3.2,1383.63,2027-02-23
785,2458.89,6,9.2,3.2,1113.6,2027-02-24
786,879.22,3,8.3,4.9,590.7,2027-02-25
787,2543.4,5,1.4,4.6,1346.65,2027-02-26
788,3079.72,5,1.6,4.3,1368.33,2027-02-27
789,2342.22,5,15.7,4.7,1435.3,2027-02-28
790,3613.95,3,21.9,4.1,1467.78,2027-03-01
791,3965.21,7,3.3,3.6,2091.65,2027-03-02
792,2419.4,3,5.8,3.9,901.7,2027-03-03
793,2882.35,0,4.4,4.9,1053.56,2027-03-04
794,2526.74,6,0.8,2.8,1173.27,2027-03-05
795,3058.65,6,11.2,4.7,1052.28,2027-03-06
796,2579.4,4,17.4,4.6,1576.4,2027-03-07
797,3200.39,5,3.6,4.1,1544.32,2027-03-08
798,3679.68,9,46.2,4.5,1178.69,2027-03-09
799,3548.84,5,0.8,1.5,1556.4,2027-03-10
800,4162.83,4,10.8,2.1,2162.6,2027-03-11
801,2228.06,3,5.9,3.2,657.66,2027-03-12
802,4218.5,6,5.9,2.7,1802.32,2027-03-13
803,3385.98,2,6.1,5.0,1486.3,2027-03-14
804,3549.01,6,3.0,4.4,2310.71,2027-03-15
805,1937.45,6,12.6,3.6,1082.14,2027-03-16
806,2821.23,6,12.8,3.7,1066.32,2027-03-17
807,2663.85,5,3.3,2.8,1169.0,2027-03-18
808,3093.86,3,18.0,4.6,1464.66,2027-03-19
809,2381.74,4,3.8,5.0,1263.91,2027-03-20
810,4752.36,4,12.9,4.4,2770.34,2027-03-21
811,2850.5,5,1.3,3.9,950.26,2027-03-22
812,3187.37,4,1.8,3.7,1732.39,2027-03-23
813,3607.18,4,3.8,3.9,2121.85,2027-03-24
814,2908.21,5,9.0,4.0,1429.92,2027-03-25
815,2135.15,5,10.4,3.3,808.41,2027-03-26
816,2575.3,5,5.0,4.2,1440.71,2027-03-27
817,3705.31,7,0.8,4.8,1953.88,2027-03-28
818,13888.95,3,4.7,4.2,7774.7,2027-03-29
819,2249.74,2,11.7,1.7,962.4,2027-03-30
820,2711.23,4,11.1,3.9,1235.41,2027-03-31
821,2220.25,4,1.7,3.0,805.53,2027-04-01
822,3567.2,6,0.1,4.2,1367.26,2027-04-02
823,3394.65,3,14.0,3.9,1766.03,2027-04-03
824,2394.92,5,1.1,4.6,1131.67,2027-04-04
825,3122.98,5,0.9,2.9,1330.64,2027-04-05
826,3455.81,5,0.0,4.5,1837.4,2027-04-06
827,3914.26,5,5.7,4.3,1119.24,2027-04-07
828,3397.37,3,7.0,3.8,1387.67,2027-04-08
829,2968.36,10,10.2,4.6,1389.54,2027-04-09
830,3529.7,5,3.5,4.6,1788.79,2027-04-10
831,1870.16,4,12.4,4.1,783.88,2027-04-11
832,3117.37,4,1.9,3.7,1103.49,2027-04-12
833,3216.37,7,17.8,3.3,1714.07,2027-04-13
834,4335.22,3,8.5,4.5,2009.46,2027-04-14
835,3294.94,6,8.8,4.8,1616.51,2027-04-15
836,1991.29,2,2.4,3.6,1136.0,2027-04-16
837,3179.11,4,0.8,4.7,1301.58,2027-04-17
838,2709.11,4,6.2,3.7,901.19,2027-04-18
839,3179.27,4,9.6,4.2,1840.75,2027-04-19
840,2428.52,8,1.0,4.3,1018.79,2027-04-20
841,2709.73,5,30.1,4.6,1116.93,2027-04-21
842,2670.5,8,39.3,4.5,1794.94,2027-04-22
843,4223.64,5,7.9,4.6,1266.0,2027-04-23
844,2170.2,7,30.0,4.7,1309.34,2027-04-24
845,2983.28,8,2.0,4.1,909.72,2027-04-25
846,3770.7,3,0.3,3.7,1808.65,2027-04-26
847,3843.04,4,0.4,4.9,1927.52,2027-04-27
848,2807.74,6,8.9,2.4,1049.12,2027-04-28
849,4508.95,4,0.6,3.1,1938.28,2027-04-29
850,3632.83,4,31.8,4.7,2343.81,2027-04-30
851,2009.75,6,1.5,4.1,958.31,2027-05-01
852,1231.09,2,3.6,4.2,762.58,2027-05-02
853,3660.33,4,17.3,4.8,2288.44,2027-05-03
854,2808.84,2,2.5,2.0,899.6,2027-05-04
855,2580.38,8,2.8,4.1,996.15,2027-05-05
856,1743.82,7,10.3,2.6,603.68,2027-05-06
857,3369.68,2,3.2,5.0,1764.35,2027-05-07
858,2150.16,5,2.5,3.8,1086.96,2027-05-08
859,4013.53,6,2.9,4.9,1748.21,2027-05-09
860,3415.48,7,6.7,4.1,1868.24,2027-05-10
861,3305.93,7,33.8,2.0,1595.93,2027-05-11
862,2801.99,7,17.9,4.9,1322.74,2027-05-12
863,3330.75,6,3.3,4.8,850.55,2027-05-13
864,2617.87,5,4.5,4.9,1805.69,2027-05-14
865,3104.59,5,6.2,2.4,1332.98,2027-05-15
866,3875.35,8,38.6,4.0,1665.69,2027-05-16
867,1975.66,7,1.9,2.7,1059.12,2027-05-17
868,3434.05,4,4.4,4.7,1108.71,2027-05-18
869,3943.55,5,13.1,3.6,2172.55,2027-05-19
870,2878.57,8,33.2,4.2,899.33,2027-05-20
871,3597.83,5,1.7,4.8,2275.11,2027-05-21
872,13254.36,2,2.6,3.3,5303.38,2027-05-22
873,2377.75,3,2.6,3.8,1413.08,2027-05-23
874,2041.7,7,0.2,4.4,1315.98,2027-05-24
875,3777.26,3,9.3,5.0,1613.16,2027-05-25
876,2588.91,8,11.1,4.9,1829.77,2027-05-26
877,2258.46,1,9.2,4.2,1037.84,2027-05-27
878,2427.76,5,0.7,2.2,391.41,2027-05-28
879,3926.88,3,0.7,4.4,1145.41,2027-05-29
880,4084.99,5,2.4,2.3,2508.81,2027-05-30
881,3300.56,5,3.4,3.5,2098.51,2027-05-31
882,2334.12,2,15.4,5.0,934.43,2027-06-01
883,3207.91,7,1.7,3.6,1815.39,2027-06-02
884,2201.32,2,0.5,4.1,491.48,2027-06-03
885,2500.15,4,5.0,4.6,901.0,2027-06-04
886,2597.22,5,5.4,2.9,1147.11,2027-06-05
887,2585.38,4,6.0,4.1,853.68,2027-06-06
888,2415.71,4,17.5,4.2,1264.45,2027-06-07
889,3450.38,5,1.0,3.4,1877.28,2027-06-08
890,12285.55,4,12.2,4.0,6553.31,2027-06-09
891,4505.62,4,4.1,4.6,2163.04,2027-06-10
892,2328.22,5,3.7,4.6,1356.33,2027-06-11
893,2581.71,7,27.0,3.7,1551.89,2027-06-12
894,4527.53,6,2.9,4.1,1662.8,2027-06-13
895,2751.79,6,10.3,4.7,1570.03,2027-06-14
896,3934.23,8,3.2,4.2,1570.52,2027-06-15
897,4240.4,5,7.1,4.6,1361.29,2027-06-16
898,2528.51,2,15.4,5.0,1044.8,2027-06-17
899,4722.55,4,21.3,4.6,2816.69,2027-06-18
900,2889.39,6,18.2,1.9,1148.98,2027-06-19
901,2458.27,3,8.7,2.4,805.35,2027-06-20
902,1556.09,3,2.9,4.7,479.25,2027-06-21
903,3245.84,5,10.8,4.6,1277.86,2027-06-22
904,2644.57,5,12.4,4.2,1171.92,2027-06-23
905,3249.0,6,0.1,4.4,1413.97,2027-06-24
906,1918.65,2,5.8,4.2,1272.89,2027-06-25
907,2812.33,6,18.5,4.6,1706.36,2027-06-26
908,3601.11,4,6.7,3.8,1621.73,2027-06-27
909,1978.6,3,3.7,4.3,811.07,2027-06-28
910,3228.69,4,20.5,4.9,1270.88,2027-06-29
911,3204.82,2,1.7,3.4,1201.32,2027-06-30
912,2753.78,6,2.3,4.7,1614.26,2027-07-01
913,4172.52,8,11.6,2.1,1428.63,2027-07-02
914,2875.46,5,4.3,4.3,1516.94,2027-07-03
915,2276.55,6,12.5,3.7,829.85,2027-07-04
916,1379.89,5,1.7,3.7,679.43,2027-07-05
917,3157.22,5,2.9,2.9,1649.1,2027-07-06
918,1855.89,6,1.7,4.7,673.34,2027-07-07
919,3658.54,4,30.6,3.0,2040.39,2027-07-08
920,2732.4,4,5.2,3.3,940.17,2027-07-09
921,3571.2,5,4.1,4.8,1952.88,2027-07-10
922,3019.61,5,0.1,2.1,1423.7,2027-07-11
923,3358.17,4,1.7,2.2,1759.07,2027-07-12
924,3285.61,4,5.5,4.4,1275.65,2027-07-13
925,3778.04,7,0.7,4.8,2180.56,2027-07-14
926,3092.54,5,7.1,3.8,1140.19,2027-07-15
927,3780.1,4,6.1,3.4,1708.44,2027-07-16
928,3616.69,3,14.6,4.8,1512.94,2027-07-17
929,3811.5,9,10.8,4.7,1737.92,2027-07-18
930,2959.81,6,5.9,2.9,1542.48,2027-07-19
931,2689.84,6,2.5,3.5,1449.51,2027-07-20
932,2972.23,4,13.0,4.7,1238.53,2027-07-21
933,3323.99,7,12.3,4.9,1117.05,2027-07-22
934,3054.01,6,1.7,4.7,1344.58,2027-07-23
935,3087.52,6,24.6,2.7,1509.87,2027-07-24
936,2004.28,2,0.7,4.7,616.92,2027-07-25
937,3568.77,6,0.6,2.0,1944.66,2027-07-26
938,4660.32,4,2.1,4.9,2994.61,2027-07-27
939,3277.16,7,24.0,4.8,1558.87,2027-07-28
940,1670.78,8,7.3,2.1,1268.02,2027-07-29
941,2520.49,6,15.5,5.0,1158.74,2027-07-30
942,3321.37,3,2.6,5.0,1941.82,2027-07-31
943,2217.3,4,6.7,2.0,1288.56,2027-08-01
944,3604.31,5,4.4,4.7,1080.01,2027-08-02
945,2652.4,3,17.6,2.3,1640.74,2027-08-03
946,3037.58,5,0.2,5.0,1120.34,2027-08-04
947,1860.2,8,2.8,3.3,490.42,2027-08-05
948,2046.96,8,1.7,4.1,566.5,2027-08-06
949,3136.69,5,19.6,4.0,1352.75,2027-08-07
950,1787.4,5,6.3,5.0,991.31,2027-08-08
951,3213.64,8,5.2,2.5,1298.59,2027-08-09
952,2282.2,5,6.0,3.0,677.61,2027-08-10
953,3023.0,4,35.7,4.5,1454.89,2027-08-11
954,3686.13,3,19.0,3.5,1722.03,2027-08-12
955,3412.03,7,12.3,2.4,1273.06,2027-08-13
956,3194.67,4,3.4,5.0,1781.1,2027-08-14
957,2438.36,4,1.8,4.3,1224.99,2027-08-15
958,1956.42,5,25.4,4.9,1032.4,2027-08-16
959,3658.04,3,5.5,2.9,979.88,2027-08-17
960,2240.48,5,3.3,2.9,807.6,2027-08-18
961,3319.31,4,6.4,5.0,1280.75,2027-08-19
962,2439.9,6,25.0,4.8,1001.06,2027-08-20
963,2792.33,5,4.9,4.6,830.66,2027-08-21
964,3265.01,5,8.3,4.4,1160.54,2027-08-22
965,1896.54,2,16.2,3.1,741.51,2027-08-23
966,3879.02,5,5.6,4.6,1469.16,2027-08-24
967,4180.28,3,2.7,4.7,1857.95,2027-08-25
968,3296.92,3,52.1,4.9,1891.74,2027-08-26
969,2562.51,5,31.4,4.7,709.19,2027-08-27
970,1921.45,4,18.5,4.8,960.98,2027-08-28
971,4261.96,3,11.7,2.3,2572.89,2027-08-29
972,4152.09,4,3.5,2.6,1900.44,2027-08-30
973,3266.93,2,24.5,4.9,1543.55,2027-08-31
974,2648.22,6,3.2,3.8,1628.46,2027-09-01
975,4022.13,7,16.1,3.0,1906.1,2027-09-02
976,3470.65,3,25.0,4.3,1442.24,2027-09-03
977,3474.48,5,9.2,4.6,1523.5,2027-09-04
978,3437.68,4,16.2,4.2,1499.24,2027-09-05
979,1646.03,6,15.7,4.3,632.82,2027-09-06
980,3326.6,6,2.1,2.4,2172.07,2027-09-07
981,4022.76,2,11.0,2.6,2124.07,2027-09-08
982,2022.3,2,1.0,4.5,841.22,2027-09-09
983,2197.98,5,7.1,3.1,1044.07,2027-09-10
984,1874.67,2,1.8,5.0,907.72,2027-09-11
985,1369.5,7,5.4,2.3,593.83,2027-09-12
986,2010.44,4,17.9,2.6,938.17,2027-09-13
987,2272.49,5,43.6,4.0,393.29,2027-09-14
988,3403.99,7,3.8,5.0,1152.4,2027-09-15
989,2336.8,5,7.6,3.2,862.74,2027-09-16
990,2311.67,7,7.2,3.7,642.69,2027-09-17
991,3516.39,1,30.9,4.5,1045.98,2027-09-18
992,3456.48,3,6.5,4.8,1531.02,2027-09-19
993,3732.32,4,12.0,3.9,2006.42,2027-09-20
994,2627.42,9,25.5,3.4,772.77,2027-09-21
995,1060.9,4,4.7,4.7,576.06,2027-09-22
996,3102.48,5,23.2,3.0,918.91,2027-09-23
997,1469.38,6,24.9,2.7,706.37,2027-09-24
998,2415.26,6,26.7,2.4,1044.5,2027-09-25
999,2852.08,3,3.2,4.3,1122.3,2027-09-26
1000,4004.6,3,5.1,3.4,2649.84,2027-09-27
